,Total,Percent,correlation
,0,1,label
dataset,0,0.0,
f_0000,3793,100.0,
f_0001,3793,100.0,
f_0002,3793,100.0,
f_0003,3793,100.0,
f_0004,3793,100.0,
f_0005,3793,100.0,
f_0006,3793,100.0,
f_0007,3793,100.0,
f_0008,3793,100.0,
f_0009,3793,100.0,
f_0010,3793,100.0,
f_0011,3793,100.0,
f_0012,3793,100.0,
f_0013,3793,100.0,
f_0014,3793,100.0,
f_0015,3793,100.0,
f_0016,3793,100.0,
f_0017,3793,100.0,
f_0018,3793,100.0,
f_0019,3793,100.0,
f_0020,3793,100.0,
f_0021,3737,98.52,0.18793170805907938
f_0022,3737,98.52,0.18793170805907938
f_0023,3733,98.42,0.1714156769488983
f_0024,3793,100.0,
f_0025,3793,100.0,
f_0026,3793,100.0,
f_0027,3773,99.47,0.18644988120419437
f_0028,3770,99.39,0.08636565851785122
f_0029,3765,99.26,0.12844577259807544
f_0030,3793,100.0,
f_0031,3793,100.0,
f_0032,3793,100.0,
f_0033,3793,100.0,
f_0034,3726,98.23,0.1479061973995093
f_0035,3719,98.05,0.12502245576232976
f_0036,3713,97.89,0.03934829293402923
f_0037,3793,100.0,
f_0038,3793,100.0,
f_0039,3793,100.0,
f_0040,3693,97.36,0.15148789870940957
f_0041,3686,97.18,0.12492348396447811
f_0042,3683,97.1,0.10959830486246834
f_0043,3793,100.0,
f_0044,3793,100.0,
f_0045,3793,100.0,
f_0046,3793,100.0,
f_0047,3793,100.0,
f_0048,3793,100.0,
f_0049,3793,100.0,
f_0050,3786,99.82,0.39999999999999997
f_0051,3793,100.0,
f_0052,3793,100.0,
f_0053,3793,100.0,
f_0054,3750,98.87,0.08295018954139965
f_0055,3749,98.84,0.08422031203808535
f_0056,3746,98.76,0.03738045687421203
f_0057,3793,100.0,
f_0058,3793,100.0,
f_0059,3793,100.0,
f_0060,3628,95.65,0.17443093432755147
f_0061,3625,95.57,0.19656721867513888
f_0062,3619,95.41,0.18737394841421434
f_0063,3793,100.0,
f_0064,3793,100.0,
f_0065,3793,100.0,
f_0066,3787,99.84,0.41403933560541256
f_0067,3786,99.82,0.4702769498458477
f_0068,3786,99.82,0.4702769498458477
f_0069,3793,100.0,
f_0070,3793,100.0,
f_0071,3793,100.0,
f_0072,3793,100.0,
f_0073,3793,100.0,
f_0074,3793,100.0,
f_0075,3793,100.0,
f_0076,3793,100.0,
f_0077,3793,100.0,
f_0078,3793,100.0,
f_0079,3793,100.0,
f_0080,3793,100.0,
f_0081,3793,100.0,
f_0082,3793,100.0,
f_0083,3793,100.0,
f_0084,3793,100.0,
f_0085,3793,100.0,
f_0086,3793,100.0,
f_0087,3793,100.0,
f_0088,3793,100.0,
f_0089,3793,100.0,
f_0090,3793,100.0,
f_0091,3793,100.0,
f_0092,3793,100.0,
f_0093,3793,100.0,
f_0094,3793,100.0,
f_0095,3793,100.0,
f_0096,3793,100.0,
f_0097,3793,100.0,
f_0098,3793,100.0,
f_0099,3793,100.0,
f_0100,3793,100.0,
f_0101,3793,100.0,
f_0102,3793,100.0,
f_0103,3793,100.0,
f_0104,3793,100.0,
f_0105,3793,100.0,
f_0106,3793,100.0,
f_0107,3793,100.0,
f_0108,3793,100.0,
f_0109,3793,100.0,
f_0110,3793,100.0,
f_0111,3793,100.0,
f_0112,3793,100.0,
f_0113,3793,100.0,
f_0114,3793,100.0,
f_0115,3793,100.0,
f_0116,3793,100.0,
f_0117,3793,100.0,
f_0118,3793,100.0,
f_0119,3793,100.0,
f_0120,3793,100.0,
f_0121,3793,100.0,
f_0122,3793,100.0,
f_0123,3793,100.0,
f_0124,3793,100.0,
f_0125,3793,100.0,
f_0126,3793,100.0,
f_0127,3793,100.0,
f_0128,3793,100.0,
f_0129,3793,100.0,
f_0130,3793,100.0,
f_0131,3793,100.0,
f_0132,3793,100.0,
f_0133,3793,100.0,
f_0134,3793,100.0,
f_0135,3793,100.0,
f_0136,3793,100.0,
f_0137,3793,100.0,
f_0138,3793,100.0,
f_0139,3793,100.0,
f_0140,3793,100.0,
f_0141,3793,100.0,
f_0142,3793,100.0,
f_0143,3793,100.0,
f_0144,3793,100.0,
f_0145,3793,100.0,
f_0146,3793,100.0,
f_0147,3793,100.0,
f_0148,3793,100.0,
f_0149,3793,100.0,
f_0150,3793,100.0,
f_0151,3793,100.0,
f_0152,3793,100.0,
f_0153,3793,100.0,
f_0154,3793,100.0,
f_0155,3793,100.0,
f_0156,3793,100.0,
f_0157,3793,100.0,
f_0158,3793,100.0,
f_0159,3793,100.0,
f_0160,3793,100.0,
f_0161,3793,100.0,
f_0162,3793,100.0,
f_0163,3793,100.0,
f_0164,3793,100.0,
f_0165,3793,100.0,
f_0166,3793,100.0,
f_0167,3793,100.0,
f_0168,3793,100.0,
f_0169,3793,100.0,
f_0170,3793,100.0,
f_0171,3793,100.0,
f_0172,3793,100.0,
f_0173,3793,100.0,
f_0174,3793,100.0,
f_0175,3793,100.0,
f_0176,3793,100.0,
f_0177,3793,100.0,
f_0178,3793,100.0,
f_0179,3793,100.0,
f_0180,3793,100.0,
f_0181,3793,100.0,
f_0182,3793,100.0,
f_0183,3793,100.0,
f_0184,3793,100.0,
f_0185,3793,100.0,
f_0186,3793,100.0,
f_0187,3793,100.0,
f_0188,3793,100.0,
f_0189,3793,100.0,
f_0190,3793,100.0,
f_0191,3793,100.0,
f_0192,3793,100.0,
f_0193,3793,100.0,
f_0194,3793,100.0,
f_0195,3793,100.0,
f_0196,3793,100.0,
f_0197,3793,100.0,
f_0198,3793,100.0,
f_0199,3793,100.0,
f_0200,3793,100.0,
f_0201,3793,100.0,
f_0202,3793,100.0,
f_0203,3793,100.0,
f_0204,3793,100.0,
f_0205,3793,100.0,
f_0206,3793,100.0,
f_0207,3793,100.0,
f_0208,3,0.08,0.19170643845794352
f_0209,0,0.0,0.043515531150348355
f_0210,563,14.84,5.2638413044654076e-05
f_0211,278,7.33,0.009993099210698733
f_0212,3793,100.0,
f_0213,3793,100.0,
f_0214,563,14.84,0.02678530981219371
f_0215,278,7.33,0.03166145502282094
f_0216,20,0.53,0.04467441819858328
f_0217,16,0.42,0.03479311853446605
f_0218,3793,100.0,
f_0219,3793,100.0,
f_0220,3793,100.0,
f_0221,3234,85.26,0.1819174048258006
f_0222,3169,83.55,0.2980339372240917
f_0223,3130,82.52,0.27098312034374716
f_0224,3793,100.0,
f_0225,3793,100.0,
f_0226,3793,100.0,
f_0227,3793,100.0,
f_0228,3793,100.0,
f_0229,3793,100.0,
f_0230,3793,100.0,
f_0231,3793,100.0,
f_0232,3793,100.0,
f_0233,3701,97.57,0.12085382706823934
f_0234,3672,96.81,0.2558497358556823
f_0235,3648,96.18,0.2051814391420977
f_0236,3793,100.0,
f_0237,3793,100.0,
f_0238,3793,100.0,
f_0239,3062,80.73,0.06071852231285666
f_0240,2972,78.35,0.007932983122040565
f_0241,2907,76.64,0.038898440624151355
f_0242,2822,74.4,0.12915118051576746
f_0243,2711,71.47,0.0707059187173624
f_0244,2633,69.42,0.017140921218452614
f_0245,3793,100.0,
f_0246,3793,100.0,
f_0247,3793,100.0,
f_0248,3793,100.0,
f_0249,3793,100.0,
f_0250,3793,100.0,
f_0251,3793,100.0,
f_0252,3793,100.0,
f_0253,3793,100.0,
f_0254,3793,100.0,
f_0255,3793,100.0,
f_0256,262,6.91,0.009754663161247491
f_0257,213,5.62,0.022447073630636492
f_0258,3604,95.02,0.058910400268684625
f_0259,3522,92.86,0.029499276959052082
f_0260,3466,91.38,0.00487408591713944
f_0261,3604,95.02,0.03250822990836575
f_0262,3522,92.86,0.007842805736826082
f_0263,3466,91.38,0.033241715814626496
f_0264,3604,95.02,0.001046574507975424
f_0265,3522,92.86,0.018691510503908545
f_0266,3466,91.38,0.0639963284734225
f_0267,3604,95.02,0.16241350777452931
f_0268,3522,92.86,0.11866694538535552
f_0269,3466,91.38,0.13423776719874989
f_0270,3604,95.02,0.19217165821469254
f_0271,3522,92.86,0.16547363195709913
f_0272,3466,91.38,0.20490185238914793
f_0273,3767,99.31,0.4286425492393155
f_0274,3730,98.34,0.17047287914342493
f_0275,3699,97.52,0.13398414689476823
f_0276,3775,99.53,0.399550918557303
f_0277,3738,98.55,0.3747659891730275
f_0278,3712,97.86,0.21300274093167224
f_0279,1666,43.92,0.1442980831218787
f_0280,823,21.7,0.1373565212050749
f_0281,717,18.9,0.15474809569653794
f_0282,653,17.22,0.15262298907204078
f_0283,435,11.47,0.1771844029983553
f_0284,344,9.07,0.17202607757618915
f_0285,1666,43.92,0.15126870029714307
f_0286,823,21.7,0.14038254016896595
f_0287,717,18.9,0.1239220718163817
f_0288,653,17.22,0.10128650093696695
f_0289,435,11.47,0.09109876103959322
f_0290,344,9.07,0.05427057321421142
f_0291,1666,43.92,0.1388946706036131
f_0292,823,21.7,0.14506704263230424
f_0293,717,18.9,0.14623936905220897
f_0294,653,17.22,0.13317472338499522
f_0295,435,11.47,0.14123148043839687
f_0296,344,9.07,0.11913037783293115
f_0297,1666,43.92,0.024982445014216776
f_0298,823,21.7,0.014249797720021636
f_0299,717,18.9,0.0056841763415372976
f_0300,653,17.22,0.004730651706714696
f_0301,435,11.47,0.022171145942081385
f_0302,344,9.07,0.023333963214037048
f_0303,1667,43.95,0.015328546422799112
f_0304,823,21.7,0.040031969676890586
f_0305,717,18.9,0.030541841181996855
f_0306,653,17.22,0.025711835199714185
f_0307,435,11.47,0.027272223638462007
f_0308,347,9.15,
f_0309,3663,96.57,0.04366503919530982
f_0310,3379,89.09,0.11709690209049593
f_0311,3254,85.79,0.0694741088820831
f_0312,3136,82.68,0.05180829290055063
f_0313,2855,75.27,0.027133068874832016
f_0314,2564,67.6,0.009804199063425126
f_0315,3725,98.21,0.005813390428481184
f_0316,3519,92.78,0.1395466416922173
f_0317,3393,89.45,0.09133622502332135
f_0318,3276,86.37,0.09504028876844292
f_0319,2990,78.83,0.037184469757371684
f_0320,2698,71.13,0.048832587506116215
f_0321,1652,43.55,0.012815930693641536
f_0322,814,21.46,0.02169848220500634
f_0323,708,18.67,0.030979170711431452
f_0324,644,16.98,0.033046494220709516
f_0325,428,11.28,0.051616077288923874
f_0326,339,8.94,0.07964394646701234
f_0327,1652,43.55,0.012465410140296245
f_0328,814,21.46,0.0063003074090027976
f_0329,708,18.67,0.0045381412920846124
f_0330,644,16.98,0.02353535715845388
f_0331,428,11.28,0.04948506386858603
f_0332,339,8.94,0.07985544882966526
f_0333,1652,43.55,0.011396198105453816
f_0334,814,21.46,0.011918726939135227
f_0335,708,18.67,0.009135850623275583
f_0336,644,16.98,0.0004961384742935694
f_0337,428,11.28,0.006622551670109984
f_0338,339,8.94,0.013485926977329867
f_0339,1652,43.55,0.012143020062341239
f_0340,814,21.46,0.015591088829794979
f_0341,708,18.67,0.03205096664674769
f_0342,644,16.98,0.03350545713890439
f_0343,428,11.28,0.01870909979991633
f_0344,339,8.94,0.023613668134145664
f_0345,1652,43.55,0.013307170865667852
f_0346,814,21.46,0.01492310578498138
f_0347,708,18.67,0.036926062073379694
f_0348,644,16.98,0.03438621889631618
f_0349,428,11.28,0.007874002214362947
f_0350,339,8.94,0.01801983808738638
f_0351,3661,96.52,0.12210751076204424
f_0352,3372,88.9,0.10030575585293229
f_0353,3248,85.63,0.05628308994140096
f_0354,3129,82.49,0.019411168259473557
f_0355,2848,75.09,0.094321244691862
f_0356,2559,67.47,0.13685711624774227
f_0357,3716,97.97,0.09417159450725403
f_0358,3502,92.33,0.12026211951344165
f_0359,3379,89.09,0.13996610456868028
f_0360,3256,85.84,0.16088742406214201
f_0361,2970,78.3,0.1214248326765554
f_0362,2685,70.79,0.0971759038879798
f_0363,1705,44.95,0.04041170962373706
f_0364,885,23.33,0.041136147265738825
f_0365,781,20.59,0.04069138913245234
f_0366,717,18.9,0.04175989401958426
f_0367,497,13.1,0.04162206367005791
f_0368,395,10.41,0.0635308985033519
f_0369,1705,44.95,0.02845589121074714
f_0370,885,23.33,0.017938451448682825
f_0371,781,20.59,0.01263890161722504
f_0372,717,18.9,0.022299888249911134
f_0373,497,13.1,0.0343724561992428
f_0374,395,10.41,0.055026389475821585
f_0375,1705,44.95,0.029716936106634832
f_0376,885,23.33,0.031750077757965935
f_0377,781,20.59,0.027922097651735943
f_0378,717,18.9,0.017111517739450806
f_0379,497,13.1,0.0030424971811596605
f_0380,395,10.41,0.006734763016140524
f_0381,1705,44.95,0.03173691564458962
f_0382,885,23.33,0.016724456868982666
f_0383,781,20.59,0.055981933279638595
f_0384,717,18.9,0.031689509816270424
f_0385,497,13.1,0.024762451869022525
f_0386,395,10.41,0.021555237506332963
f_0387,1706,44.98,0.030556388829134088
f_0388,888,23.41,
f_0389,784,20.67,0.06857288579321708
f_0390,720,18.98,0.04436578236247652
f_0391,500,13.18,
f_0392,398,10.49,
f_0393,3665,96.63,0.0033264981420093095
f_0394,3383,89.19,0.1482889332478459
f_0395,3264,86.05,0.08846429268172894
f_0396,3147,82.97,0.09367329870611238
f_0397,2875,75.8,0.11761859574083365
f_0398,2599,68.52,0.04049145767939017
f_0399,3737,98.52,0.15911590394829747
f_0400,3570,94.12,0.11999121072480434
f_0401,3450,90.96,0.07394379281247127
f_0402,3334,87.9,0.05932600295718936
f_0403,3053,80.49,0.015887530929059257
f_0404,2789,73.53,0.018910189967438998
f_0405,2068,54.52,0.23072317814431675
f_0406,1332,35.12,0.21235227242539753
f_0407,1242,32.74,0.2146717477027431
f_0408,1177,31.03,0.2195078839913876
f_0409,924,24.36,0.19718811643139214
f_0410,802,21.14,0.16625095023346614
f_0411,2068,54.52,0.2435336579950435
f_0412,1332,35.12,0.21577507134285556
f_0413,1242,32.74,0.2269549966504114
f_0414,1177,31.03,0.2376235726898836
f_0415,924,24.36,0.23184555023706221
f_0416,802,21.14,0.22787614471535775
f_0417,2068,54.52,0.23815171753809372
f_0418,1332,35.12,0.21498523313987605
f_0419,1242,32.74,0.2192642307687791
f_0420,1177,31.03,0.22528398581148446
f_0421,924,24.36,0.20558219505921355
f_0422,802,21.14,0.19215967565076403
f_0423,2068,54.52,0.0025869992504097225
f_0424,1332,35.12,0.004919215672722752
f_0425,1242,32.74,0.019707250373337096
f_0426,1177,31.03,0.02703468619123438
f_0427,924,24.36,0.03339389478511365
f_0428,802,21.14,0.04161558112420963
f_0429,2068,54.52,0.005063126251401898
f_0430,1332,35.12,0.007322248090298073
f_0431,1242,32.74,0.01771693916276572
f_0432,1177,31.03,0.02606585024811732
f_0433,924,24.36,0.04360615530909844
f_0434,802,21.14,0.033478578777938556
f_0435,3756,99.02,0.03459414569355799
f_0436,3687,97.21,0.1862292870249803
f_0437,3647,96.15,0.24748047006620455
f_0438,3604,95.02,0.220525437550003
f_0439,3451,90.98,0.15722815287551778
f_0440,3300,87.0,0.0789602374984239
f_0441,3764,99.24,0.19400861643650225
f_0442,3705,97.68,0.15915377020355453
f_0443,3671,96.78,0.2609917222735827
f_0444,3628,95.65,0.25745075384106586
f_0445,3483,91.83,0.19531433445333604
f_0446,3335,87.93,0.10635501720838426
f_0447,3276,86.37,0.013036233630754087
f_0448,3071,80.96,0.004225498777976926
f_0449,3043,80.23,0.010681502124108025
f_0450,3014,79.46,0.004234435611040549
f_0451,2854,75.24,0.0043693218269682975
f_0452,2714,71.55,0.0405631251408499
f_0453,3276,86.37,0.013036233630754087
f_0454,3071,80.96,0.004225498777976926
f_0455,3043,80.23,0.01067037267302515
f_0456,3014,79.46,0.0032692917348553555
f_0457,2854,75.24,0.0047840605073879725
f_0458,2714,71.55,0.019106504010276408
f_0459,3276,86.37,0.013036233630754087
f_0460,3071,80.96,0.004225498777976926
f_0461,3043,80.23,0.010681502124108025
f_0462,3014,79.46,0.003257845706729101
f_0463,2854,75.24,0.0006499703525056057
f_0464,2714,71.55,0.01480740271485429
f_0465,3793,100.0,
f_0466,3071,80.96,
f_0467,3043,80.23,0.013426860472291673
f_0468,3014,79.46,0.07763928429341616
f_0469,2854,75.24,0.008650407440984815
f_0470,2714,71.55,0.09477195581298371
f_0471,3793,100.0,
f_0472,3071,80.96,
f_0473,3043,80.23,0.013426860472291545
f_0474,3014,79.46,0.06959597302920487
f_0475,2854,75.24,0.11189688215420403
f_0476,2714,71.55,0.02874941339782553
f_0477,3793,100.0,
f_0478,3793,100.0,
f_0479,3789,99.89,
f_0480,3786,99.82,0.7627529602510629
f_0481,3757,99.05,0.019231419959831887
f_0482,3713,97.89,0.11616187857201174
f_0483,3793,100.0,
f_0484,3793,100.0,
f_0485,3789,99.89,
f_0486,3786,99.82,0.9501287832974181
f_0487,3757,99.05,0.0018804406722176344
f_0488,3714,97.92,0.14928863815513727
f_0489,2653,69.94,0.008047824872550692
f_0490,2199,57.98,0.0009249240903521693
f_0491,2145,56.55,0.001918569199877398
f_0492,2082,54.89,0.002209057275739535
f_0493,1843,48.59,0.0028434901836307297
f_0494,1654,43.61,0.0008140476828603812
f_0495,2653,69.94,0.007987977333853348
f_0496,2199,57.98,0.0010606485495822107
f_0497,2145,56.55,0.0018213887810866719
f_0498,2082,54.89,0.0015550588558418382
f_0499,1843,48.59,0.006343539299562805
f_0500,1654,43.61,0.012598176566432702
f_0501,2653,69.94,0.007987977333853348
f_0502,2199,57.98,0.0005456025986974783
f_0503,2145,56.55,0.001190736947168438
f_0504,2082,54.89,0.0005981785612306353
f_0505,1843,48.59,0.007068380558007029
f_0506,1654,43.61,0.011362980934365741
f_0507,2653,69.94,0.008395431283938565
f_0508,2199,57.98,0.033889300490511955
f_0509,2145,56.55,0.061700619403719924
f_0510,2082,54.89,0.04330560428696184
f_0511,1843,48.59,0.023811706110587933
f_0512,1654,43.61,0.017174019506819092
f_0513,2653,69.94,0.008395431283938565
f_0514,2199,57.98,0.09144661935236344
f_0515,2145,56.55,0.03683129323180184
f_0516,2082,54.89,0.043310595336045206
f_0517,1843,48.59,0.012793155943690439
f_0518,1654,43.61,0.02300050614358031
f_0519,3791,99.95,
f_0520,3781,99.68,0.23700138245451569
f_0521,3771,99.42,0.34330156970603715
f_0522,3757,99.05,0.1384462763360062
f_0523,3663,96.57,0.11934131997990667
f_0524,3576,94.28,0.06707733513821776
f_0525,3793,100.0,
f_0526,3787,99.84,0.3817492455168812
f_0527,3777,99.58,0.553888307963073
f_0528,3763,99.21,0.23248255523811762
f_0529,3668,96.7,0.006688395897381241
f_0530,3581,94.41,0.015932264233233673
f_0531,3793,100.0,
f_0532,3793,100.0,
f_0533,3793,100.0,
f_0534,3793,100.0,
f_0535,3793,100.0,
f_0536,3793,100.0,
f_0537,3793,100.0,
f_0538,3793,100.0,
f_0539,3793,100.0,
f_0540,3793,100.0,
f_0541,3793,100.0,
f_0542,3793,100.0,
f_0543,3793,100.0,
f_0544,3793,100.0,
f_0545,3793,100.0,
f_0546,3793,100.0,
f_0547,3793,100.0,
f_0548,3793,100.0,
f_0549,3793,100.0,
f_0550,3793,100.0,
f_0551,3793,100.0,
f_0552,3793,100.0,
f_0553,3793,100.0,
f_0554,3793,100.0,
f_0555,3793,100.0,
f_0556,3793,100.0,
f_0557,3793,100.0,
f_0558,3793,100.0,
f_0559,3793,100.0,
f_0560,3793,100.0,
f_0561,3793,100.0,
f_0562,3793,100.0,
f_0563,3793,100.0,
f_0564,3793,100.0,
f_0565,3793,100.0,
f_0566,3793,100.0,
f_0567,3793,100.0,
f_0568,3793,100.0,
f_0569,3793,100.0,
f_0570,3793,100.0,
f_0571,3793,100.0,
f_0572,3793,100.0,
f_0573,2554,67.33,0.000911344173276237
f_0574,2055,54.18,0.0032683193250533037
f_0575,1991,52.49,0.04271292863490913
f_0576,1919,50.59,0.040867468781090495
f_0577,1671,44.05,0.10050654543258997
f_0578,1481,39.05,0.09171858901576038
f_0579,2554,67.33,0.0009911300190064245
f_0580,2055,54.18,0.0034591708424333836
f_0581,1991,52.49,6.39498124758674e-05
f_0582,1919,50.59,0.0033020783958474984
f_0583,1671,44.05,0.011123136204779309
f_0584,1481,39.05,0.024838843840830238
f_0585,2554,67.33,0.0009911300190064245
f_0586,2055,54.18,0.003297106263521027
f_0587,1991,52.49,0.022097799471762613
f_0588,1919,50.59,0.023084785167007894
f_0589,1671,44.05,0.009627141896222281
f_0590,1481,39.05,0.019368300834227765
f_0591,2554,67.33,0.008028494374120626
f_0592,2055,54.18,0.0029717450475042462
f_0593,1991,52.49,0.00041231180195617676
f_0594,1919,50.59,0.0016293512913959566
f_0595,1671,44.05,0.10395220126056466
f_0596,1481,39.05,0.09632569947512218
f_0597,2554,67.33,0.008028494374120529
f_0598,2055,54.18,0.0067783054012301785
f_0599,1991,52.49,0.04974912952110306
f_0600,1919,50.59,0.054441688129254755
f_0601,1671,44.05,0.004044904691707948
f_0602,1481,39.05,0.006215031392539658
f_0603,3791,99.95,
f_0604,3777,99.58,0.26734592827767245
f_0605,3765,99.26,0.4645568436276495
f_0606,3751,98.89,0.2912581095605145
f_0607,3638,95.91,0.22103939413040366
f_0608,3536,93.22,0.1582255479140439
f_0609,3793,100.0,
f_0610,3780,99.66,0.19115550100982057
f_0611,3768,99.34,0.5086893701702755
f_0612,3754,98.97,0.3563528661311803
f_0613,3643,96.05,0.22828671950769444
f_0614,3541,93.36,0.18537334937828306
f_0615,3793,100.0,
f_0616,3793,100.0,
f_0617,3793,100.0,
f_0618,3793,100.0,
f_0619,3793,100.0,
f_0620,3793,100.0,
f_0621,3793,100.0,
f_0622,3793,100.0,
f_0623,3793,100.0,
f_0624,3793,100.0,
f_0625,3793,100.0,
f_0626,3793,100.0,
f_0627,3793,100.0,
f_0628,3793,100.0,
f_0629,3793,100.0,
f_0630,3793,100.0,
f_0631,3793,100.0,
f_0632,3793,100.0,
f_0633,3793,100.0,
f_0634,3793,100.0,
f_0635,3793,100.0,
f_0636,3793,100.0,
f_0637,3793,100.0,
f_0638,3793,100.0,
f_0639,3793,100.0,
f_0640,3793,100.0,
f_0641,3793,100.0,
f_0642,3793,100.0,
f_0643,3793,100.0,
f_0644,3793,100.0,
f_0645,3793,100.0,
f_0646,3793,100.0,
f_0647,3793,100.0,
f_0648,3793,100.0,
f_0649,3793,100.0,
f_0650,3793,100.0,
f_0651,3793,100.0,
f_0652,3793,100.0,
f_0653,3793,100.0,
f_0654,3793,100.0,
f_0655,3793,100.0,
f_0656,3793,100.0,
f_0657,2006,52.89,0.007290030667497794
f_0658,1240,32.69,0.0034528704023066327
f_0659,1152,30.37,0.0019357450303374418
f_0660,1080,28.47,0.0025210804714467707
f_0661,811,21.38,0.007478666148818982
f_0662,676,17.82,0.008551574501234093
f_0663,2006,52.89,0.007892014402831129
f_0664,1240,32.69,0.0055630348675399805
f_0665,1152,30.37,0.006293165597974298
f_0666,1080,28.47,0.008260151181543296
f_0667,811,21.38,0.012550942181783582
f_0668,676,17.82,0.015983774500232212
f_0669,2006,52.89,0.007009303839247437
f_0670,1240,32.69,0.0038506371187431976
f_0671,1152,30.37,0.004068502248633325
f_0672,1080,28.47,0.004389479911262498
f_0673,811,21.38,0.008911719542096637
f_0674,676,17.82,0.01649794534355441
f_0675,2006,52.89,0.028179602883243185
f_0676,1240,32.69,0.0016765704876977833
f_0677,1152,30.37,0.015080691784773453
f_0678,1080,28.47,0.008608285584403222
f_0679,811,21.38,0.004503847958993674
f_0680,676,17.82,0.00183124260526408
f_0681,2009,52.97,0.018812323157339453
f_0682,1246,32.85,0.023172003556730804
f_0683,1158,30.53,0.024035802461546005
f_0684,1088,28.68,0.046222150623721835
f_0685,821,21.65,0.06292697242221594
f_0686,687,18.11,
f_0687,3742,98.66,0.16519249921894816
f_0688,3639,95.94,0.06673408058624242
f_0689,3585,94.52,0.04848025942479105
f_0690,3537,93.25,0.048254076445170054
f_0691,3388,89.32,0.0935949364899843
f_0692,3220,84.89,0.08127400344308401
f_0693,3783,99.74,0.2550923697935939
f_0694,3748,98.81,0.06031345272848924
f_0695,3714,97.92,0.12296426751559103
f_0696,3679,96.99,0.09327869288733245
f_0697,3548,93.54,0.03954024541489794
f_0698,3399,89.61,0.03308266559475423
f_0699,2857,75.32,0.12028131636753488
f_0700,2495,65.78,0.09455392752943206
f_0701,2448,64.54,0.08277249818044866
f_0702,2396,63.17,0.12968563772249944
f_0703,2191,57.76,0.0980016319767073
f_0704,2033,53.6,0.09683788572466227
f_0705,2857,75.32,0.12032287072492531
f_0706,2495,65.78,0.09466761503608333
f_0707,2448,64.54,0.0806849823167088
f_0708,2396,63.17,0.12892631323553053
f_0709,2191,57.76,0.09844031456239441
f_0710,2033,53.6,0.09106363849600405
f_0711,2857,75.32,0.12028131636753488
f_0712,2495,65.78,0.09457274133654274
f_0713,2448,64.54,0.08302249079099515
f_0714,2396,63.17,0.12996090897502685
f_0715,2191,57.76,0.1000723226337132
f_0716,2033,53.6,0.0951453992084952
f_0717,2857,75.32,0.009785007088378561
f_0718,2495,65.78,0.011340583151457754
f_0719,2448,64.54,0.1114035593909493
f_0720,2396,63.17,0.042429637770030434
f_0721,2191,57.76,0.009983578177609859
f_0722,2033,53.6,0.026316106729919124
f_0723,2857,75.32,0.009785007088378959
f_0724,2495,65.78,0.010302297318185409
f_0725,2448,64.54,0.11320235945077312
f_0726,2396,63.17,0.05477113154979282
f_0727,2191,57.76,0.05431659528870045
f_0728,2033,53.6,0.023176389900694785
f_0729,3791,99.95,
f_0730,3784,99.76,
f_0731,3776,99.55,0.7325627451476157
f_0732,3770,99.39,0.045401670219201266
f_0733,3700,97.55,0.16193256267916553
f_0734,3636,95.86,0.05543824434774509
f_0735,3791,99.95,
f_0736,3785,99.79,
f_0737,3777,99.58,0.7277897717056817
f_0738,3771,99.42,0.325016811307281
f_0739,3701,97.57,0.09983552410832217
f_0740,3637,95.89,0.08694181636826788
f_0741,3133,82.6,0.01493349060992024
f_0742,2777,73.21,0.01484181990116221
f_0743,2714,71.55,0.0045746450174564204
f_0744,2672,70.45,0.01825098645328984
f_0745,2560,67.49,0.02740878732337914
f_0746,2471,65.15,0.04295115421986117
f_0747,3133,82.6,0.008086657002117942
f_0748,2777,73.21,0.013481897790720931
f_0749,2714,71.55,0.0014082189484265887
f_0750,2672,70.45,0.011720017561396717
f_0751,2560,67.49,0.002143206565756317
f_0752,2471,65.15,0.018925474450665156
f_0753,3133,82.6,0.010331796440521974
f_0754,2777,73.21,0.013084230018204206
f_0755,2714,71.55,0.00047941085731879017
f_0756,2672,70.45,0.008858164742832467
f_0757,2560,67.49,0.0023269842238101877
f_0758,2471,65.15,0.007320050016909369
f_0759,3133,82.6,0.01543501425870537
f_0760,2777,73.21,0.0056112906387882945
f_0761,2714,71.55,0.03432537783543031
f_0762,2672,70.45,0.04225731653202841
f_0763,2560,67.49,0.015743753828925906
f_0764,2471,65.15,0.013873838974581826
f_0765,3137,82.7,0.05506727192548437
f_0766,2782,73.35,0.006489570348107258
f_0767,2719,71.68,0.013432799724770907
f_0768,2677,70.58,0.031819458713444784
f_0769,2565,67.62,0.039839188844170356
f_0770,2476,65.28,0.004966649109542539
f_0771,3770,99.39,0.0013255579294531028
f_0772,3724,98.18,0.22170960633820871
f_0773,3701,97.57,0.23718263330897282
f_0774,3683,97.1,0.23626640573098925
f_0775,3639,95.94,0.20565424824219147
f_0776,3591,94.67,0.1287184028146646
f_0777,3781,99.68,0.05674115490633585
f_0778,3755,99.0,0.07701189698668422
f_0779,3735,98.47,0.12344153085480335
f_0780,3720,98.08,0.13963289638149226
f_0781,3677,96.94,0.17586322560801304
f_0782,3631,95.73,0.1104767006903818
f_0783,1815,47.85,0.0906731076928408
f_0784,990,26.1,0.07814515939527678
f_0785,886,23.36,0.06866040588031487
f_0786,805,21.22,0.05846348004496522
f_0787,542,14.29,0.06429677572467508
f_0788,419,11.05,0.062350883804484246
f_0789,1815,47.85,0.08574163497781669
f_0790,990,26.1,0.0713996157858635
f_0791,886,23.36,0.05588258509422773
f_0792,805,21.22,0.05591955352177757
f_0793,542,14.29,0.0310554271870979
f_0794,419,11.05,0.04280001698060809
f_0795,1815,47.85,0.08452494653988259
f_0796,990,26.1,0.07120635053766534
f_0797,886,23.36,0.05593397921299476
f_0798,805,21.22,0.041786677782988266
f_0799,542,14.29,0.03442881216855575
f_0800,419,11.05,0.0034813583949544957
f_0801,1815,47.85,0.06996634660195851
f_0802,990,26.1,0.03643860293217409
f_0803,886,23.36,0.02647796659083654
f_0804,805,21.22,0.0283154965002459
f_0805,542,14.29,0.048859619037104215
f_0806,419,11.05,0.046431262928891714
f_0807,1815,47.85,0.07958535298270965
f_0808,990,26.1,0.05434063191801439
f_0809,886,23.36,0.05042733073286494
f_0810,805,21.22,0.042468807053712504
f_0811,542,14.29,0.044016862926970615
f_0812,419,11.05,0.055047199437118895
f_0813,3703,97.63,0.115908397407697
f_0814,3527,92.99,0.09084272083974251
f_0815,3453,91.04,0.06077901189133747
f_0816,3378,89.06,0.09095258112894185
f_0817,3168,83.52,0.053009367758765365
f_0818,2941,77.54,0.03174187269614068
f_0819,3740,98.6,0.10691897394661296
f_0820,3596,94.81,0.12165595564602572
f_0821,3524,92.91,0.06212228301326313
f_0822,3448,90.9,0.011362908934865768
f_0823,3239,85.39,0.004977668866539092
f_0824,3014,79.46,0.0057256842734923
f_0825,2545,67.1,0.31707477484802604
f_0826,2063,54.39,0.3328319920306436
f_0827,2003,52.81,0.3630871282469796
f_0828,1939,51.12,0.3608946068113363
f_0829,1716,45.24,0.328949853050304
f_0830,1570,41.39,0.24857302029386993
f_0831,2545,67.1,0.3153362482772556
f_0832,2063,54.39,0.3350191541955159
f_0833,2003,52.81,0.3866348991743387
f_0834,1939,51.12,0.38520043813848076
f_0835,1716,45.24,0.36731226291970953
f_0836,1570,41.39,0.331400814775225
f_0837,2545,67.1,0.3175387483839984
f_0838,2063,54.39,0.33206765398333715
f_0839,2003,52.81,0.36214840206682053
f_0840,1939,51.12,0.35950596076488733
f_0841,1716,45.24,0.32838264712182574
f_0842,1570,41.39,0.2817901217674645
f_0843,2545,67.1,0.016639552738997736
f_0844,2063,54.39,0.006889678724640928
f_0845,2003,52.81,0.05127613855663109
f_0846,1939,51.12,0.05714734369041
f_0847,1716,45.24,0.036204275796752346
f_0848,1570,41.39,0.028598208407345553
f_0849,2545,67.1,0.01452611045203081
f_0850,2063,54.39,0.007221614206088235
f_0851,2003,52.81,0.037624298847098454
f_0852,1939,51.12,0.04301081789538215
f_0853,1716,45.24,0.037128189495783004
f_0854,1570,41.39,0.028920077990883485
f_0855,3759,99.1,0.19248354731002978
f_0856,3746,98.76,0.3043484763390248
f_0857,3727,98.26,0.1662429952108331
f_0858,3709,97.79,0.12955932360511743
f_0859,3570,94.12,0.11351310421728862
f_0860,3479,91.72,0.010346308308062931
f_0861,3790,99.92,
f_0862,3775,99.53,0.38442415801096924
f_0863,3758,99.08,0.00855845885391487
f_0864,3742,98.66,0.06280944531089756
f_0865,3611,95.2,0.07276454989973882
f_0866,3521,92.83,0.020622646429283294
f_0867,3793,100.0,
f_0868,3793,100.0,
f_0869,3793,100.0,
f_0870,3793,100.0,
f_0871,3793,100.0,
f_0872,3793,100.0,
f_0873,3793,100.0,
f_0874,3793,100.0,
f_0875,3793,100.0,
f_0876,3793,100.0,
f_0877,3793,100.0,
f_0878,3793,100.0,
f_0879,3793,100.0,
f_0880,3793,100.0,
f_0881,3793,100.0,
f_0882,3793,100.0,
f_0883,3793,100.0,
f_0884,3793,100.0,
f_0885,3793,100.0,
f_0886,3793,100.0,
f_0887,3793,100.0,
f_0888,3793,100.0,
f_0889,3793,100.0,
f_0890,3793,100.0,
f_0891,3793,100.0,
f_0892,3793,100.0,
f_0893,3793,100.0,
f_0894,3793,100.0,
f_0895,3793,100.0,
f_0896,3793,100.0,
f_0897,3793,100.0,
f_0898,3793,100.0,
f_0899,3793,100.0,
f_0900,3793,100.0,
f_0901,3793,100.0,
f_0902,3793,100.0,
f_0903,3793,100.0,
f_0904,3793,100.0,
f_0905,3793,100.0,
f_0906,3793,100.0,
f_0907,3793,100.0,
f_0908,3793,100.0,
f_0909,1961,51.7,0.1841701245481473
f_0910,1224,32.27,0.18031379158829222
f_0911,1159,30.56,0.19941962607374883
f_0912,1103,29.08,0.21058128847888935
f_0913,812,21.41,0.2065176345517229
f_0914,688,18.14,0.2181216225547374
f_0915,1961,51.7,0.1466561733394744
f_0916,1224,32.27,0.11518106464988903
f_0917,1159,30.56,0.10319473413847018
f_0918,1103,29.08,0.09920732069081382
f_0919,812,21.41,0.06233158764112175
f_0920,688,18.14,0.00935906088397339
f_0921,1961,51.7,0.15932628869585105
f_0922,1224,32.27,0.15443401076208246
f_0923,1159,30.56,0.157717818919462
f_0924,1103,29.08,0.16004446877777453
f_0925,812,21.41,0.13795106838299212
f_0926,688,18.14,0.12778014897546205
f_0927,1961,51.7,0.0908982981179156
f_0928,1224,32.27,0.0015914244125720307
f_0929,1159,30.56,0.012191191420540148
f_0930,1103,29.08,0.008433053798717362
f_0931,812,21.41,0.01484422557814473
f_0932,688,18.14,0.030711907884283206
f_0933,1961,51.7,0.019319976289261596
f_0934,1224,32.27,0.03876375176986626
f_0935,1159,30.56,0.05171492999766827
f_0936,1103,29.08,0.05797701427174485
f_0937,812,21.41,0.021524672252741094
f_0938,688,18.14,0.028561734739897027
f_0939,3682,97.07,0.13057674263028193
f_0940,3535,93.2,0.05788544273564446
f_0941,3470,91.48,0.07880277142001448
f_0942,3427,90.35,0.05318856703525868
f_0943,3276,86.37,0.05511716347381799
f_0944,3113,82.07,0.019499348831747667
f_0945,3746,98.76,0.06682573235589576
f_0946,3637,95.89,0.1125521290882881
f_0947,3571,94.15,0.14228401843477198
f_0948,3523,92.88,0.1086649863970099
f_0949,3376,89.01,0.0013110429133780942
f_0950,3210,84.63,0.0071754233305689075
f_0951,1966,51.83,0.2037549015821628
f_0952,1220,32.16,0.20109809948204332
f_0953,1151,30.35,0.21920773171466068
f_0954,1092,28.79,0.22236137535683084
f_0955,804,21.2,0.21621860498628254
f_0956,676,17.82,0.22797205630825212
f_0957,1966,51.83,0.1747949313024267
f_0958,1220,32.16,0.14059384149366244
f_0959,1151,30.35,0.140513342239092
f_0960,1092,28.79,0.13496905193262115
f_0961,804,21.2,0.11092858186295354
f_0962,676,17.82,0.08559506573359689
f_0963,1966,51.83,0.022320429545001626
f_0964,1220,32.16,0.0020737477807832396
f_0965,1151,30.35,0.009115510797336036
f_0966,1092,28.79,0.013851267378366209
f_0967,804,21.2,0.00997495401439083
f_0968,676,17.82,0.024628357011541643
f_0969,1966,51.83,0.18054341622493192
f_0970,1220,32.16,0.18694169076003098
f_0971,1151,30.35,0.1678326219277774
f_0972,1092,28.79,0.17345111344620648
f_0973,804,21.2,0.17046248400126737
f_0974,676,17.82,0.16510597098347507
f_0975,1966,51.83,0.2871563351252849
f_0976,1220,32.16,0.2643535656190199
f_0977,1151,30.35,0.25900509677736777
f_0978,1092,28.79,0.2486867040036293
f_0979,804,21.2,0.22150683212670214
f_0980,676,17.82,0.20596661721711448
f_0981,2136,56.31,0.14597812932748563
f_0982,1461,38.52,0.14093654629838953
f_0983,1395,36.78,0.15014156514088114
f_0984,1338,35.28,0.15058902840092978
f_0985,1045,27.55,0.1436971764451343
f_0986,919,24.23,0.1501121319414847
f_0987,3766,99.29,0.41530400202336315
f_0988,3714,97.92,0.13329641780893414
f_0989,3669,96.73,0.2432369783624551
f_0990,3630,95.7,0.19924099646436952
f_0991,3505,92.41,0.148098332065084
f_0992,3361,88.61,0.06802007861919607
f_0993,1652,43.55,0.2561280031689689
f_0994,814,21.46,0.23389643611478655
f_0995,708,18.67,0.21559951044269043
f_0996,644,16.98,0.21207254164592115
f_0997,428,11.28,0.1866350680915997
f_0998,339,8.94,0.1560494313677479
f_0999,1652,43.55,0.261264846552838
f_1000,814,21.46,0.24817596206921422
f_1001,708,18.67,0.24350849261904114
f_1002,644,16.98,0.24599509553982524
f_1003,428,11.28,0.24033255816080384
f_1004,339,8.94,0.2391824775812104
f_1005,1652,43.55,0.26096963387764843
f_1006,814,21.46,0.24363983455501118
f_1007,708,18.67,0.23738531142675398
f_1008,644,16.98,0.23903836333131237
f_1009,428,11.28,0.22106071142572195
f_1010,339,8.94,0.20554500628513628
f_1011,1652,43.55,0.0005932571737464399
f_1012,814,21.46,1.38771384541824e-05
f_1013,708,18.67,0.02027521441968416
f_1014,644,16.98,0.039298485264005
f_1015,428,11.28,0.008156769120965314
f_1016,339,8.94,0.030841549313380706
f_1017,1652,43.55,0.016340440894296527
f_1018,814,21.46,0.009324584579745254
f_1019,708,18.67,0.028840412845848037
f_1020,644,16.98,0.0399141582983098
f_1021,428,11.28,0.014805300898007873
f_1022,339,8.94,9.659407279044138e-05
f_1023,3661,96.52,0.09598679018134718
f_1024,3372,88.9,0.1463483537876432
f_1025,3248,85.63,0.13276305033025654
f_1026,3129,82.49,0.12314683580217847
f_1027,2848,75.09,0.06357135308303274
f_1028,2559,67.47,0.008151782754670473
f_1029,3709,97.79,0.05489729424268222
f_1030,3473,91.56,0.11804942399449316
f_1031,3352,88.37,0.09224722776617528
f_1032,3232,85.21,0.09108164416816686
f_1033,2942,77.56,0.040952859080006045
f_1034,2656,70.02,0.01557613999001893
f_1035,3627,95.62,0.3446936974573158
f_1036,3564,93.96,0.3177505227650892
f_1037,3552,93.65,0.28012284084799915
f_1038,3543,93.41,0.26630680270105384
f_1039,3499,92.25,0.2024993343024465
f_1040,3478,91.7,0.18152141048736056
f_1041,3627,95.62,0.3446936974573158
f_1042,3564,93.96,0.3223235934613474
f_1043,3552,93.65,0.28418716524075743
f_1044,3543,93.41,0.2703023357823704
f_1045,3499,92.25,0.20502740653659376
f_1046,3478,91.7,0.1330801701311572
f_1047,3627,95.62,0.3446936974573158
f_1048,3564,93.96,0.3223235934613474
f_1049,3552,93.65,0.28418716524075743
f_1050,3543,93.41,0.2703023357823704
f_1051,3499,92.25,0.2105052570529152
f_1052,3478,91.7,0.1644964219123133
f_1053,3627,95.62,
f_1054,3564,93.96,0.021304583023538062
f_1055,3552,93.65,0.026295979613384656
f_1056,3543,93.41,0.027286320409255285
f_1057,3499,92.25,0.09043802468690787
f_1058,3478,91.7,0.1119309917348004
f_1059,3627,95.62,
f_1060,3564,93.96,0.021304583023538007
f_1061,3552,93.65,0.026295979613384597
f_1062,3543,93.41,0.027286320409255313
f_1063,3499,92.25,0.06275252097773577
f_1064,3478,91.7,0.02467502212318062
f_1065,3793,100.0,
f_1066,3790,99.92,
f_1067,3788,99.87,
f_1068,3788,99.87,
f_1069,3774,99.5,0.28939800277836586
f_1070,3767,99.31,0.259395007834062
f_1071,3793,100.0,
f_1072,3793,100.0,
f_1073,3790,99.92,
f_1074,3790,99.92,
f_1075,3777,99.58,0.03388801328642786
f_1076,3771,99.42,0.1741790854893006
f_1077,2618,69.02,0.18158493806386808
f_1078,2171,57.24,0.1881692815730877
f_1079,2116,55.79,0.22265820819678128
f_1080,2064,54.42,0.22037351365643035
f_1081,1859,49.01,0.18199395965507648
f_1082,1720,45.35,0.1586736133958415
f_1083,2618,69.02,0.1791844052153235
f_1084,2171,57.24,0.18820075929723212
f_1085,2116,55.79,0.2290852666296465
f_1086,2064,54.42,0.22857572797668074
f_1087,1859,49.01,0.2033370648812323
f_1088,1720,45.35,0.19256190533230919
f_1089,2618,69.02,0.17942715051893163
f_1090,2171,57.24,0.18789054016665027
f_1091,2116,55.79,0.22696566944479984
f_1092,2064,54.42,0.22600571164107378
f_1093,1859,49.01,0.19144056932620016
f_1094,1720,45.35,0.1692349954906782
f_1095,2618,69.02,0.015062594753122304
f_1096,2171,57.24,0.0025943724428518877
f_1097,2116,55.79,0.026322272570930904
f_1098,2064,54.42,0.032885227185149725
f_1099,1859,49.01,0.000753777515776299
f_1100,1720,45.35,0.04622612250550117
f_1101,2618,69.02,0.015465816318116875
f_1102,2171,57.24,0.01276086105083314
f_1103,2116,55.79,0.0358397846019449
f_1104,2064,54.42,0.04122966303423318
f_1105,1859,49.01,0.008323239892500122
f_1106,1720,45.35,0.04753341704995587
f_1107,3781,99.68,
f_1108,3753,98.95,0.07890639979599562
f_1109,3740,98.6,0.04525206235473018
f_1110,3723,98.15,0.06864968278899337
f_1111,3595,94.78,0.01733725239207377
f_1112,3512,92.59,0.009157739001502328
f_1113,3783,99.74,
f_1114,3760,99.13,0.5069055139386758
f_1115,3746,98.76,0.4600441615197417
f_1116,3729,98.31,0.29456441409725814
f_1117,3603,94.99,0.08692041737380829
f_1118,3520,92.8,0.11953513955249827
f_1119,3305,87.13,0.016429101598747574
f_1120,3230,85.16,0.0680233644305587
f_1121,3204,84.47,0.04035231729434413
f_1122,3123,82.34,0.05680590097008812
f_1123,3050,80.41,0.03994977336586431
f_1124,3011,79.38,0.038903774993128276
f_1125,2936,77.41,0.04334980497325402
f_1126,3305,87.13,0.016429101598747574
f_1127,3230,85.16,0.06741004569871871
f_1128,3204,84.47,0.041635000914233077
f_1129,3123,82.34,0.08305818193979776
f_1130,3050,80.41,0.06542434517695461
f_1131,3011,79.38,0.06391374848720831
f_1132,2936,77.41,0.0810361857452067
f_1133,3305,87.13,0.016429101598747574
f_1134,3230,85.16,0.06851950757539033
f_1135,3204,84.47,0.0431411515105225
f_1136,3123,82.34,0.08274704738847655
f_1137,3050,80.41,0.06257649685737413
f_1138,3011,79.38,0.06209766781890562
f_1139,2936,77.41,0.07472875650573911
f_1140,3793,100.0,
f_1141,3230,85.16,0.08416186170592652
f_1142,3204,84.47,0.0870538996141322
f_1143,3123,82.34,0.03212419273508781
f_1144,3050,80.41,0.04344457586219797
f_1145,3011,79.38,0.03170433293381772
f_1146,2936,77.41,0.010628388349936544
f_1147,3793,100.0,
f_1148,3230,85.16,0.11513192385110214
f_1149,3204,84.47,0.15438152719283077
f_1150,3123,82.34,0.06891161405166972
f_1151,3050,80.41,0.04040930381319797
f_1152,3011,79.38,0.05772579892316056
f_1153,2936,77.41,0.019984519597664046
f_1154,3793,100.0,
f_1155,3790,99.92,1.0
f_1156,3760,99.13,0.05239909100535111
f_1157,3655,96.36,0.029116014297487943
f_1158,3501,92.3,0.010916165045958338
f_1159,3429,90.4,0.008733924781581009
f_1160,3372,88.9,0.024240170063135735
f_1161,3793,100.0,
f_1162,3790,99.92,1.0
f_1163,3760,99.13,0.3246390265812806
f_1164,3655,96.36,0.04496915170832144
f_1165,3502,92.33,0.0035067132542933505
f_1166,3429,90.4,0.0025943381111787896
f_1167,3372,88.9,0.01628913501188625
f_1168,3090,81.47,0.05690593100236522
f_1169,3003,79.17,0.009651934317043507
f_1170,2979,78.54,0.01422708232347729
f_1171,2883,76.01,0.014857963222899494
f_1172,2787,73.48,0.024415785928272496
f_1173,2737,72.16,0.03502094033551292
f_1174,2680,70.66,0.04332856951920832
f_1175,3090,81.47,0.05690593100236522
f_1176,3003,79.17,0.010458726966005239
f_1177,2979,78.54,0.011003094736558656
f_1178,2883,76.01,0.005746375373025308
f_1179,2787,73.48,0.023279239547177734
f_1180,2737,72.16,0.1153453482995756
f_1181,2680,70.66,0.14997966166405372
f_1182,3090,81.47,0.05690593100236522
f_1183,3003,79.17,0.01053105866165883
f_1184,2979,78.54,0.014771178147777935
f_1185,2883,76.01,0.015080930380836825
f_1186,2787,73.48,0.007873626985107306
f_1187,2737,72.16,0.055935031031150544
f_1188,2680,70.66,0.1010212423158553
f_1189,3793,100.0,
f_1190,3003,79.17,0.09366769134994973
f_1191,2979,78.54,0.02970281523089192
f_1192,2883,76.01,0.05142742033909881
f_1193,2787,73.48,0.004249057741457785
f_1194,2737,72.16,0.0047902259126897054
f_1195,2680,70.66,0.011815182962110666
f_1196,3793,100.0,
f_1197,3003,79.17,0.06202054145374542
f_1198,2979,78.54,0.08157354299164357
f_1199,2883,76.01,0.06202782153119104
f_1200,2787,73.48,0.030846467581084794
f_1201,2737,72.16,0.04812266532017375
f_1202,2680,70.66,0.05161070350739214
f_1203,3793,100.0,
f_1204,3781,99.68,0.28014330058432546
f_1205,3741,98.63,0.08970820681953959
f_1206,3611,95.2,0.06582029157047281
f_1207,3450,90.96,0.08101815231172406
f_1208,3357,88.51,0.0395607050439063
f_1209,3262,86.0,0.02092443855342074
f_1210,3793,100.0,
f_1211,3781,99.68,0.2865026080740077
f_1212,3741,98.63,0.08541249165744592
f_1213,3613,95.25,0.005860502879353836
f_1214,3450,90.96,0.026071914140538582
f_1215,3357,88.51,0.05112260706799173
f_1216,3262,86.0,0.08465264672182708
f_1217,3661,96.52,0.32503001382802976
f_1218,3648,96.18,0.3107402813692942
f_1219,3635,95.83,0.32766591797642636
f_1220,3614,95.28,0.3173952978698364
f_1221,3569,94.09,0.21363280411517957
f_1222,3553,93.67,0.17478282094945544
f_1223,3354,88.43,0.2437221782088904
f_1224,3661,96.52,0.3241025643474992
f_1225,3648,96.18,0.313656234594944
f_1226,3635,95.83,0.33187976621015497
f_1227,3614,95.28,0.3664574641531375
f_1228,3569,94.09,0.27301020809655685
f_1229,3553,93.67,0.22289272014067227
f_1230,3354,88.43,0.3069932710307789
f_1231,3661,96.52,0.32503001382802976
f_1232,3648,96.18,0.3139337183151394
f_1233,3635,95.83,0.33172357077415293
f_1234,3614,95.28,0.3476521353654468
f_1235,3569,94.09,0.23579078511774437
f_1236,3553,93.67,0.19394244104204608
f_1237,3354,88.43,0.25182530458474095
f_1238,3661,96.52,0.07544392400168473
f_1239,3648,96.18,0.09925530835002924
f_1240,3635,95.83,0.10320541589504625
f_1241,3614,95.28,0.029941495296203723
f_1242,3569,94.09,0.029187248509056348
f_1243,3553,93.67,0.04182454405146566
f_1244,3354,88.43,0.04912407779952632
f_1245,3661,96.52,0.02616835585941228
f_1246,3648,96.18,0.07798913872352943
f_1247,3635,95.83,0.021381098956567444
f_1248,3614,95.28,0.028495578055054316
f_1249,3569,94.09,0.13757561826729703
f_1250,3553,93.67,0.1584067434707559
f_1251,3354,88.43,0.0630497624005257
f_1252,3791,99.95,1.0
f_1253,3788,99.87,0.8874042204420256
f_1254,3783,99.74,0.371292427387054
f_1255,3766,99.29,0.1829545898088418
f_1256,3733,98.42,0.023920512335933484
f_1257,3728,98.29,0.005769114416634744
f_1258,3710,97.81,0.055466064851619916
f_1259,3793,100.0,
f_1260,3793,100.0,
f_1261,3785,99.79,
f_1262,3768,99.34,0.1656700792383591
f_1263,3735,98.47,0.24367522660050772
f_1264,3730,98.34,0.2197260457101831
f_1265,3712,97.86,0.15858524424233786
f_1266,3793,100.0,
f_1267,3793,100.0,
f_1268,3793,100.0,
f_1269,3793,100.0,
f_1270,3793,100.0,
f_1271,3793,100.0,
f_1272,3793,100.0,
f_1273,3793,100.0,
f_1274,3793,100.0,
f_1275,3793,100.0,
f_1276,3793,100.0,
f_1277,3793,100.0,
f_1278,3793,100.0,
f_1279,3793,100.0,
f_1280,3793,100.0,
f_1281,3793,100.0,
f_1282,3793,100.0,
f_1283,3793,100.0,
f_1284,3793,100.0,
f_1285,3793,100.0,
f_1286,3793,100.0,
f_1287,3793,100.0,
f_1288,3793,100.0,
f_1289,3793,100.0,
f_1290,3793,100.0,
f_1291,3793,100.0,
f_1292,3793,100.0,
f_1293,3793,100.0,
f_1294,3793,100.0,
f_1295,3793,100.0,
f_1296,3793,100.0,
f_1297,3793,100.0,
f_1298,3793,100.0,
f_1299,3793,100.0,
f_1300,3793,100.0,
f_1301,3793,100.0,
f_1302,3793,100.0,
f_1303,3793,100.0,
f_1304,3793,100.0,
f_1305,3793,100.0,
f_1306,3793,100.0,
f_1307,3793,100.0,
f_1308,3525,92.93,0.04880615485000712
f_1309,3436,90.59,0.14789246241427634
f_1310,3366,88.74,0.14125005976651253
f_1311,3216,84.79,0.1256098757550803
f_1312,3075,81.07,0.10592588040646665
f_1313,3010,79.36,0.1448026259705912
f_1314,2941,77.54,0.1155487675728948
f_1315,3525,92.93,0.03732032038495379
f_1316,3436,90.59,0.06799472583650727
f_1317,3366,88.74,0.07669872354977966
f_1318,3216,84.79,0.06714705273534653
f_1319,3075,81.07,0.07423567232572635
f_1320,3010,79.36,0.13010770575322042
f_1321,2941,77.54,0.16494540684520503
f_1322,3525,92.93,0.03972777535359412
f_1323,3436,90.59,0.10759276312841366
f_1324,3366,88.74,0.10664752139190997
f_1325,3216,84.79,0.09435111547359469
f_1326,3075,81.07,0.09424827226150703
f_1327,3010,79.36,0.15645901495779416
f_1328,2941,77.54,0.10592312200458012
f_1329,3525,92.93,0.03874669633077247
f_1330,3436,90.59,0.010001120997299034
f_1331,3366,88.74,0.014659090063334216
f_1332,3216,84.79,0.013129995627264064
f_1333,3075,81.07,0.12274420883204976
f_1334,3010,79.36,0.08075169533381496
f_1335,2941,77.54,0.07826047692373608
f_1336,3539,93.3,
f_1337,3451,90.98,
f_1338,3381,89.14,
f_1339,3238,85.37,
f_1340,3095,81.6,
f_1341,3029,79.86,
f_1342,2955,77.91,
f_1343,3773,99.47,
f_1344,3765,99.26,0.5415130719518496
f_1345,3748,98.81,0.5126168401026773
f_1346,3689,97.26,0.5013592621348542
f_1347,3512,92.59,0.20328001988057173
f_1348,3416,90.06,0.1935083288988646
f_1349,3333,87.87,0.12019325904067386
f_1350,3793,100.0,
f_1351,3785,99.79,0.48933061846608206
f_1352,3770,99.39,0.23980116295186896
f_1353,3720,98.08,0.09476078966765046
f_1354,3542,93.38,0.06496017915239627
f_1355,3437,90.61,0.03329138832706757
f_1356,3351,88.35,0.040875685882849566
f_1357,3568,94.07,0.028671696254473602
f_1358,3494,92.12,0.017305147072486263
f_1359,3430,90.43,0.029115377843509982
f_1360,3307,87.19,0.0359780085506698
f_1361,3180,83.84,0.030768204861370895
f_1362,3113,82.07,0.044053164170761744
f_1363,3035,80.02,0.03663956136935115
f_1364,3568,94.07,0.04096683302161417
f_1365,3494,92.12,0.007716529561793636
f_1366,3430,90.43,0.05533897756942066
f_1367,3307,87.19,0.041898027695532476
f_1368,3180,83.84,0.03268011369986946
f_1369,3113,82.07,0.05362875206790212
f_1370,3035,80.02,0.05062711113178355
f_1371,3568,94.07,0.03134973806223237
f_1372,3494,92.12,0.017971782230193186
f_1373,3430,90.43,0.026309657115253664
f_1374,3307,87.19,0.027991767984038293
f_1375,3180,83.84,0.03156313660657835
f_1376,3113,82.07,0.031540078031598855
f_1377,3035,80.02,0.016553290401985082
f_1378,3568,94.07,0.03512036469414715
f_1379,3494,92.12,0.04530849676076934
f_1380,3430,90.43,0.1184462037593195
f_1381,3307,87.19,0.08064569627142802
f_1382,3180,83.84,0.03497735834571445
f_1383,3113,82.07,0.043738044814913266
f_1384,3035,80.02,0.06912993993300172
f_1385,3585,94.52,
f_1386,3515,92.67,
f_1387,3454,91.06,
f_1388,3338,88.0,
f_1389,3205,84.5,
f_1390,3139,82.76,
f_1391,3058,80.62,
f_1392,3772,99.45,0.12520964828742548
f_1393,3765,99.26,0.2863201679015189
f_1394,3749,98.84,0.41978999564847824
f_1395,3698,97.5,0.22829202252836542
f_1396,3545,93.46,0.016275094252263384
f_1397,3464,91.33,0.01775615239805906
f_1398,3396,89.53,0.013831287142165376
f_1399,3793,100.0,
f_1400,3790,99.92,1.0
f_1401,3778,99.6,0.04337370187131836
f_1402,3734,98.44,0.02770421940665227
f_1403,3587,94.57,0.08355821526065661
f_1404,3502,92.33,0.10376171948904554
f_1405,3437,90.61,0.027819720578603768
f_1406,3793,100.0,
f_1407,3793,100.0,
f_1408,3793,100.0,
f_1409,3793,100.0,
f_1410,3793,100.0,
f_1411,3793,100.0,
f_1412,3793,100.0,
f_1413,3793,100.0,
f_1414,3793,100.0,
f_1415,3793,100.0,
f_1416,3793,100.0,
f_1417,3793,100.0,
f_1418,3793,100.0,
f_1419,3793,100.0,
f_1420,3793,100.0,
f_1421,3793,100.0,
f_1422,3793,100.0,
f_1423,3793,100.0,
f_1424,3793,100.0,
f_1425,3793,100.0,
f_1426,3793,100.0,
f_1427,3793,100.0,
f_1428,3793,100.0,
f_1429,3793,100.0,
f_1430,3793,100.0,
f_1431,3793,100.0,
f_1432,3793,100.0,
f_1433,3793,100.0,
f_1434,3793,100.0,
f_1435,3793,100.0,
f_1436,3793,100.0,
f_1437,3793,100.0,
f_1438,3793,100.0,
f_1439,3793,100.0,
f_1440,3793,100.0,
f_1441,3793,100.0,
f_1442,3793,100.0,
f_1443,3793,100.0,
f_1444,3793,100.0,
f_1445,3793,100.0,
f_1446,3793,100.0,
f_1447,3793,100.0,
f_1448,3793,100.0,
f_1449,3793,100.0,
f_1450,3793,100.0,
f_1451,3793,100.0,
f_1452,3793,100.0,
f_1453,3793,100.0,
f_1454,3793,100.0,
f_1455,3793,100.0,
f_1456,3793,100.0,
f_1457,3793,100.0,
f_1458,3793,100.0,
f_1459,3793,100.0,
f_1460,3793,100.0,
f_1461,3793,100.0,
f_1462,3793,100.0,
f_1463,3793,100.0,
f_1464,3793,100.0,
f_1465,3793,100.0,
f_1466,3793,100.0,
f_1467,3793,100.0,
f_1468,3793,100.0,
f_1469,3793,100.0,
f_1470,3793,100.0,
f_1471,3793,100.0,
f_1472,3793,100.0,
f_1473,3793,100.0,
f_1474,3793,100.0,
f_1475,3793,100.0,
f_1476,3793,100.0,
f_1477,3793,100.0,
f_1478,3793,100.0,
f_1479,3793,100.0,
f_1480,3793,100.0,
f_1481,3793,100.0,
f_1482,3793,100.0,
f_1483,3793,100.0,
f_1484,3793,100.0,
f_1485,3793,100.0,
f_1486,3793,100.0,
f_1487,3793,100.0,
f_1488,3793,100.0,
f_1489,3793,100.0,
f_1490,3793,100.0,
f_1491,3793,100.0,
f_1492,3793,100.0,
f_1493,3793,100.0,
f_1494,3793,100.0,
f_1495,3793,100.0,
f_1496,3793,100.0,
f_1497,3793,100.0,
f_1498,3793,100.0,
f_1499,3793,100.0,
f_1500,3793,100.0,
f_1501,3793,100.0,
f_1502,3793,100.0,
f_1503,3793,100.0,
f_1504,3793,100.0,
f_1505,3793,100.0,
f_1506,3793,100.0,
f_1507,3793,100.0,
f_1508,3793,100.0,
f_1509,3793,100.0,
f_1510,3793,100.0,
f_1511,3793,100.0,
f_1512,3793,100.0,
f_1513,3793,100.0,
f_1514,3793,100.0,
f_1515,3793,100.0,
f_1516,3793,100.0,
f_1517,3793,100.0,
f_1518,3793,100.0,
f_1519,3793,100.0,
f_1520,3793,100.0,
f_1521,3793,100.0,
f_1522,3793,100.0,
f_1523,3793,100.0,
f_1524,3793,100.0,
f_1525,3793,100.0,
f_1526,3793,100.0,
f_1527,3793,100.0,
f_1528,3793,100.0,
f_1529,3793,100.0,
f_1530,3793,100.0,
f_1531,3793,100.0,
f_1532,3793,100.0,
f_1533,3793,100.0,
f_1534,3793,100.0,
f_1535,3793,100.0,
f_1536,3793,100.0,
f_1537,3793,100.0,
f_1538,3793,100.0,
f_1539,3793,100.0,
f_1540,3793,100.0,
f_1541,3793,100.0,
f_1542,3793,100.0,
f_1543,3793,100.0,
f_1544,3793,100.0,
f_1545,3793,100.0,
f_1546,3793,100.0,
f_1547,3793,100.0,
f_1548,3793,100.0,
f_1549,3793,100.0,
f_1550,3793,100.0,
f_1551,3793,100.0,
f_1552,3793,100.0,
f_1553,3793,100.0,
f_1554,3793,100.0,
f_1555,3793,100.0,
f_1556,3793,100.0,
f_1557,3793,100.0,
f_1558,3793,100.0,
f_1559,3793,100.0,
f_1560,3793,100.0,
f_1561,3793,100.0,
f_1562,3793,100.0,
f_1563,3793,100.0,
f_1564,3793,100.0,
f_1565,3793,100.0,
f_1566,3793,100.0,
f_1567,3793,100.0,
f_1568,3793,100.0,
f_1569,3793,100.0,
f_1570,3793,100.0,
f_1571,3793,100.0,
f_1572,3793,100.0,
f_1573,3793,100.0,
f_1574,3793,100.0,
f_1575,3793,100.0,
f_1576,3793,100.0,
f_1577,3793,100.0,
f_1578,3793,100.0,
f_1579,3793,100.0,
f_1580,3793,100.0,
f_1581,3793,100.0,
f_1582,3793,100.0,
f_1583,3793,100.0,
f_1584,3793,100.0,
f_1585,3793,100.0,
f_1586,3793,100.0,
f_1587,3793,100.0,
f_1588,3793,100.0,
f_1589,3793,100.0,
f_1590,3793,100.0,
f_1591,3793,100.0,
f_1592,3793,100.0,
f_1593,3793,100.0,
f_1594,3793,100.0,
f_1595,3793,100.0,
f_1596,3793,100.0,
f_1597,3793,100.0,
f_1598,3793,100.0,
f_1599,3793,100.0,
f_1600,3793,100.0,
f_1601,3793,100.0,
f_1602,3793,100.0,
f_1603,3793,100.0,
f_1604,3793,100.0,
f_1605,3793,100.0,
f_1606,3793,100.0,
f_1607,3793,100.0,
f_1608,3793,100.0,
f_1609,3793,100.0,
f_1610,3793,100.0,
f_1611,3793,100.0,
f_1612,3793,100.0,
f_1613,3793,100.0,
f_1614,3793,100.0,
f_1615,3793,100.0,
f_1616,3793,100.0,
f_1617,3793,100.0,
f_1618,3793,100.0,
f_1619,3793,100.0,
f_1620,3793,100.0,
f_1621,3793,100.0,
f_1622,3793,100.0,
f_1623,3793,100.0,
f_1624,3793,100.0,
f_1625,3793,100.0,
f_1626,3793,100.0,
f_1627,3793,100.0,
f_1628,3793,100.0,
f_1629,3793,100.0,
f_1630,3793,100.0,
f_1631,3793,100.0,
f_1632,3793,100.0,
f_1633,3793,100.0,
f_1634,3793,100.0,
f_1635,3793,100.0,
f_1636,3793,100.0,
f_1637,3793,100.0,
f_1638,3793,100.0,
f_1639,3793,100.0,
f_1640,3793,100.0,
f_1641,3793,100.0,
f_1642,3793,100.0,
f_1643,3793,100.0,
f_1644,3793,100.0,
f_1645,3793,100.0,
f_1646,3793,100.0,
f_1647,3793,100.0,
f_1648,3793,100.0,
f_1649,3793,100.0,
f_1650,3793,100.0,
f_1651,3283,86.55,0.01711742864293496
f_1652,3213,84.71,0.023759712945234275
f_1653,3190,84.1,0.027310910076597215
f_1654,3105,81.86,0.0287499905874422
f_1655,3021,79.65,0.0011563844516982388
f_1656,2978,78.51,0.007839496805363604
f_1657,2883,76.01,0.015783753435162817
f_1658,3283,86.55,0.01711742864293496
f_1659,3213,84.71,0.024659981316246707
f_1660,3190,84.1,0.03208295073742325
f_1661,3105,81.86,0.03797753906198609
f_1662,3021,79.65,0.02875596770246631
f_1663,2978,78.51,0.020212659862542882
f_1664,2883,76.01,0.018569175246996812
f_1665,3283,86.55,0.01711742864293496
f_1666,3213,84.71,0.025651237020712495
f_1667,3190,84.1,0.030931225573421844
f_1668,3105,81.86,0.03529067764757395
f_1669,3021,79.65,0.018489731049855244
f_1670,2978,78.51,0.012629679736104729
f_1671,2883,76.01,0.003187824281951792
f_1672,3793,100.0,
f_1673,3213,84.71,0.05044100421412581
f_1674,3190,84.1,0.02492480707089645
f_1675,3105,81.86,0.025323775324295576
f_1676,3021,79.65,0.01635348324766536
f_1677,2978,78.51,0.008347507588690437
f_1678,2883,76.01,0.027659055059168495
f_1679,3793,100.0,
f_1680,3213,84.71,0.049959014031787076
f_1681,3190,84.1,0.0019488278292723543
f_1682,3105,81.86,0.008060502952068277
f_1683,3021,79.65,0.01187239910332874
f_1684,2978,78.51,0.025631115363097492
f_1685,2883,76.01,0.005172265562799048
f_1686,3793,100.0,
f_1687,3787,99.84,0.28087439003429965
f_1688,3754,98.97,0.04980491955897098
f_1689,3646,96.12,0.039428382250427906
f_1690,3496,92.17,0.042171660097725695
f_1691,3421,90.19,0.015139827083120797
f_1692,3368,88.8,0.026097204748058173
f_1693,3793,100.0,
f_1694,3787,99.84,0.6356685043404963
f_1695,3754,98.97,0.19782615524867544
f_1696,3646,96.12,0.11356500324355309
f_1697,3496,92.17,0.052808216492186075
f_1698,3421,90.19,0.0621205229554021
f_1699,3368,88.8,0.017912033938898925
f_1700,3793,100.0,
f_1701,3793,100.0,
f_1702,3793,100.0,
f_1703,3793,100.0,
f_1704,3793,100.0,
f_1705,3793,100.0,
f_1706,3793,100.0,
f_1707,3793,100.0,
f_1708,3793,100.0,
f_1709,3793,100.0,
f_1710,3793,100.0,
f_1711,3793,100.0,
f_1712,3793,100.0,
f_1713,3793,100.0,
f_1714,3793,100.0,
f_1715,3793,100.0,
f_1716,3793,100.0,
f_1717,3793,100.0,
f_1718,3793,100.0,
f_1719,3793,100.0,
f_1720,3793,100.0,
f_1721,3793,100.0,
f_1722,3793,100.0,
f_1723,3793,100.0,
f_1724,3793,100.0,
f_1725,3793,100.0,
f_1726,3793,100.0,
f_1727,3793,100.0,
f_1728,3793,100.0,
f_1729,3793,100.0,
f_1730,3793,100.0,
f_1731,3793,100.0,
f_1732,3793,100.0,
f_1733,3793,100.0,
f_1734,3793,100.0,
f_1735,3793,100.0,
f_1736,3793,100.0,
f_1737,3793,100.0,
f_1738,3793,100.0,
f_1739,3793,100.0,
f_1740,3793,100.0,
f_1741,3793,100.0,
f_1742,3793,100.0,
f_1743,3793,100.0,
f_1744,3793,100.0,
f_1745,3793,100.0,
f_1746,3793,100.0,
f_1747,3793,100.0,
f_1748,3793,100.0,
f_1749,1652,43.55,0.04465017692660036
f_1750,814,21.46,0.03116557803979275
f_1751,708,18.67,0.034248549618522764
f_1752,644,16.98,0.028328219475773506
f_1753,428,11.28,0.0164190693303681
f_1754,339,8.94,0.0029182324284749987
f_1755,1652,43.55,0.04488334543402889
f_1756,814,21.46,0.05893127085630132
f_1757,708,18.67,0.08390797151600245
f_1758,644,16.98,0.09385729027979332
f_1759,428,11.28,0.1191816802775583
f_1760,339,8.94,0.13148781078140465
f_1761,1652,43.55,0.047743098715836194
f_1762,814,21.46,0.04920886643010492
f_1763,708,18.67,0.055965715707397265
f_1764,644,16.98,0.05372659178676413
f_1765,428,11.28,0.06120851178628234
f_1766,339,8.94,0.055925631058085234
f_1767,1652,43.55,0.019291507688295812
f_1768,814,21.46,0.012114393467881462
f_1769,708,18.67,0.023498635624151776
f_1770,644,16.98,0.04387454055666546
f_1771,428,11.28,0.00553162565968467
f_1772,339,8.94,0.028548977071792412
f_1773,1652,43.55,0.02448833416295907
f_1774,814,21.46,0.015293574657276154
f_1775,708,18.67,0.025933920350000434
f_1776,644,16.98,0.047642578644102734
f_1777,428,11.28,0.022477535528294287
f_1778,339,8.94,0.03739133839002423
f_1779,3661,96.52,0.19126244443132606
f_1780,3372,88.9,0.10871024246564705
f_1781,3248,85.63,0.1141249058594047
f_1782,3129,82.49,0.10104276333992489
f_1783,2848,75.09,0.03912930312191296
f_1784,2559,67.47,0.03217310062840113
f_1785,3745,98.73,0.17332224828568268
f_1786,3547,93.51,0.1654085195656148
f_1787,3434,90.54,0.13067366974380137
f_1788,3316,87.42,0.04754880042416719
f_1789,3027,79.8,0.03744392953273667
f_1790,2753,72.58,0.03118592184766002
f_1791,1652,43.55,0.07621740918441357
f_1792,814,21.46,0.06195614910227097
f_1793,708,18.67,0.07083516795448666
f_1794,644,16.98,0.061448396499523966
f_1795,428,11.28,0.05292319919222037
f_1796,339,8.94,0.05284504988948943
f_1797,1652,43.55,0.07489504889906667
f_1798,814,21.46,0.049509007907520275
f_1799,708,18.67,0.04816146014542084
f_1800,644,16.98,0.031886235817265275
f_1801,428,11.28,0.013963538041485785
f_1802,339,8.94,0.0020948611149496353
f_1803,1652,43.55,0.07613940465576528
f_1804,814,21.46,0.05670383293587752
f_1805,708,18.67,0.06000587376274079
f_1806,644,16.98,0.0450989587993801
f_1807,428,11.28,0.03106284592189956
f_1808,339,8.94,0.024844397470478057
f_1809,1652,43.55,0.005612010560167186
f_1810,814,21.46,0.01004647530039959
f_1811,708,18.67,0.006219812823578465
f_1812,644,16.98,0.004212580876903254
f_1813,428,11.28,0.01815144055088854
f_1814,339,8.94,0.015947680253516897
f_1815,1652,43.55,0.00525663935999648
f_1816,814,21.46,0.0043261955108832
f_1817,708,18.67,0.0149069713130498
f_1818,644,16.98,0.005351563504992581
f_1819,428,11.28,0.007366398152172814
f_1820,339,8.94,0.005753296301045255
f_1821,3661,96.52,0.11898249299777086
f_1822,3372,88.9,0.09429531638571183
f_1823,3248,85.63,0.07929581877921019
f_1824,3129,82.49,0.06747477776544504
f_1825,2848,75.09,0.061342998217604944
f_1826,2559,67.47,0.034562814101349516
f_1827,3727,98.26,0.08223165326266021
f_1828,3510,92.54,0.014561763823402914
f_1829,3382,89.16,0.01852853355493387
f_1830,3263,86.03,0.0006235171583511112
f_1831,2984,78.67,0.011763554482687838
f_1832,2697,71.1,0.026490963081661368
f_1833,1977,52.12,0.1393907278358619
f_1834,1229,32.4,0.1185903170488866
f_1835,1159,30.56,0.11237069497594031
f_1836,1105,29.13,0.11918270446597536
f_1837,816,21.51,0.05784093720498514
f_1838,685,18.06,0.05602607900616036
f_1839,1977,52.12,0.15644629568391702
f_1840,1229,32.4,0.1744752174632692
f_1841,1159,30.56,0.2130227591126508
f_1842,1105,29.13,0.22310169833343046
f_1843,816,21.51,0.23748060699838927
f_1844,685,18.06,0.24441379817052586
f_1845,1977,52.12,0.034493939328952186
f_1846,1229,32.4,0.018287321092799097
f_1847,1159,30.56,0.0005403442426663387
f_1848,1105,29.13,0.02451378971272362
f_1849,816,21.51,0.003992402683851893
f_1850,685,18.06,0.02583021523834323
f_1851,1977,52.12,0.023680282789203866
f_1852,1229,32.4,0.01111597869999639
f_1853,1159,30.56,0.025977433086398823
f_1854,1105,29.13,0.014658420307534321
f_1855,816,21.51,0.057381687058786185
f_1856,685,18.06,0.05536951691301242
f_1857,1977,52.12,0.024521425946224196
f_1858,1229,32.4,0.03969639157260488
f_1859,1159,30.56,0.044271461754622585
f_1860,1105,29.13,0.029680439184939508
f_1861,816,21.51,0.014827835289585478
f_1862,685,18.06,0.012038037600902813
f_1863,2142,56.47,0.1274041429180082
f_1864,1464,38.6,0.09904152348450511
f_1865,1396,36.8,0.089581633204725
f_1866,1341,35.35,0.09703087881761349
f_1867,1048,27.63,0.05843653034064014
f_1868,921,24.28,0.05663958307112703
f_1869,3766,99.29,0.06475904768609832
f_1870,3723,98.15,0.039692203105120706
f_1871,3671,96.78,0.2052485021010218
f_1872,3636,95.86,0.19854443558325527
f_1873,3511,92.57,0.07528689174974276
f_1874,3394,89.48,0.07345223976586754
f_1875,3793,100.0,
f_1876,3793,100.0,
f_1877,3793,100.0,
f_1878,3793,100.0,
f_1879,3793,100.0,
f_1880,3793,100.0,
f_1881,3793,100.0,
f_1882,3793,100.0,
f_1883,3793,100.0,
f_1884,3793,100.0,
f_1885,3793,100.0,
f_1886,3793,100.0,
f_1887,3793,100.0,
f_1888,3793,100.0,
f_1889,3793,100.0,
f_1890,3793,100.0,
f_1891,3793,100.0,
f_1892,3793,100.0,
f_1893,3793,100.0,
f_1894,3793,100.0,
f_1895,3793,100.0,
f_1896,3793,100.0,
f_1897,3793,100.0,
f_1898,3793,100.0,
f_1899,3793,100.0,
f_1900,3793,100.0,
f_1901,3793,100.0,
f_1902,3793,100.0,
f_1903,3793,100.0,
f_1904,3793,100.0,
f_1905,3793,100.0,
f_1906,3793,100.0,
f_1907,3793,100.0,
f_1908,3793,100.0,
f_1909,3793,100.0,
f_1910,3793,100.0,
f_1911,3793,100.0,
f_1912,3793,100.0,
f_1913,3793,100.0,
f_1914,3793,100.0,
f_1915,3793,100.0,
f_1916,3793,100.0,
f_1917,1854,48.88,0.12370364748858341
f_1918,1046,27.58,0.11995278868883905
f_1919,950,25.05,0.1298053361194841
f_1920,872,22.99,0.12258891759593675
f_1921,613,16.16,0.1341300330892902
f_1922,504,13.29,0.15251569611808324
f_1923,1854,48.88,0.12159140436940524
f_1924,1046,27.58,0.10229494409048237
f_1925,950,25.05,0.08635607301449397
f_1926,872,22.99,0.07856770877365378
f_1927,613,16.16,0.06289996377955126
f_1928,504,13.29,0.03430832696241087
f_1929,1854,48.88,0.1237651571061461
f_1930,1046,27.58,0.11160680487340063
f_1931,950,25.05,0.11286190980212499
f_1932,872,22.99,0.10618291135962683
f_1933,613,16.16,0.1136828556456505
f_1934,504,13.29,0.11979558203166461
f_1935,1854,48.88,0.027830162155141808
f_1936,1046,27.58,0.006355385814062408
f_1937,950,25.05,0.04793141626167214
f_1938,872,22.99,0.04263542520554753
f_1939,613,16.16,0.03792853068960775
f_1940,504,13.29,0.029429315717934293
f_1941,1854,48.88,0.018530795935352302
f_1942,1046,27.58,0.044845242430319135
f_1943,950,25.05,0.03113733003461659
f_1944,872,22.99,0.02166476275763297
f_1945,613,16.16,0.02218206075699598
f_1946,504,13.29,0.022770631456321067
f_1947,3726,98.23,0.01959214497930335
f_1948,3572,94.17,0.08429029942994595
f_1949,3502,92.33,0.14275332185773434
f_1950,3439,90.67,0.07258824855398861
f_1951,3239,85.39,0.06799855870703689
f_1952,3028,79.83,0.13027219497538242
f_1953,3764,99.24,0.12399090202241954
f_1954,3648,96.18,0.10882920217997051
f_1955,3584,94.49,0.0809284040300809
f_1956,3520,92.8,0.09544157402711083
f_1957,3315,87.4,0.0010565924564119454
f_1958,3107,81.91,0.01158872150516947
f_1959,3793,100.0,
f_1960,3793,100.0,
f_1961,3793,100.0,
f_1962,3793,100.0,
f_1963,3793,100.0,
f_1964,3793,100.0,
f_1965,3793,100.0,
f_1966,3793,100.0,
f_1967,3793,100.0,
f_1968,3793,100.0,
f_1969,3793,100.0,
f_1970,3793,100.0,
f_1971,3793,100.0,
f_1972,3793,100.0,
f_1973,3793,100.0,
f_1974,3793,100.0,
f_1975,3793,100.0,
f_1976,3793,100.0,
f_1977,3793,100.0,
f_1978,3793,100.0,
f_1979,3793,100.0,
f_1980,3793,100.0,
f_1981,3793,100.0,
f_1982,3793,100.0,
f_1983,3793,100.0,
f_1984,3793,100.0,
f_1985,3793,100.0,
f_1986,3793,100.0,
f_1987,3793,100.0,
f_1988,3793,100.0,
f_1989,3793,100.0,
f_1990,3793,100.0,
f_1991,3793,100.0,
f_1992,3793,100.0,
f_1993,3793,100.0,
f_1994,3793,100.0,
f_1995,3793,100.0,
f_1996,3793,100.0,
f_1997,3793,100.0,
f_1998,3793,100.0,
f_1999,3793,100.0,
f_2000,3793,100.0,
f_2001,3793,100.0,
f_2002,3793,100.0,
f_2003,3793,100.0,
f_2004,3793,100.0,
f_2005,3793,100.0,
f_2006,3793,100.0,
f_2007,3793,100.0,
f_2008,3793,100.0,
f_2009,3793,100.0,
f_2010,3793,100.0,
f_2011,3793,100.0,
f_2012,3793,100.0,
f_2013,3793,100.0,
f_2014,3793,100.0,
f_2015,3793,100.0,
f_2016,3793,100.0,
f_2017,3793,100.0,
f_2018,3793,100.0,
f_2019,3793,100.0,
f_2020,3793,100.0,
f_2021,3793,100.0,
f_2022,3793,100.0,
f_2023,3793,100.0,
f_2024,3793,100.0,
f_2025,3793,100.0,
f_2026,3793,100.0,
f_2027,3793,100.0,
f_2028,3793,100.0,
f_2029,3793,100.0,
f_2030,3793,100.0,
f_2031,3793,100.0,
f_2032,3793,100.0,
f_2033,3793,100.0,
f_2034,3793,100.0,
f_2035,3793,100.0,
f_2036,3793,100.0,
f_2037,3793,100.0,
f_2038,3793,100.0,
f_2039,3793,100.0,
f_2040,3793,100.0,
f_2041,3793,100.0,
f_2042,3793,100.0,
f_2043,3793,100.0,
f_2044,3793,100.0,
f_2045,3793,100.0,
f_2046,3793,100.0,
f_2047,3793,100.0,
f_2048,3793,100.0,
f_2049,3793,100.0,
f_2050,3793,100.0,
f_2051,3793,100.0,
f_2052,3793,100.0,
f_2053,3793,100.0,
f_2054,3793,100.0,
f_2055,3793,100.0,
f_2056,3793,100.0,
f_2057,3793,100.0,
f_2058,3793,100.0,
f_2059,3793,100.0,
f_2060,3793,100.0,
f_2061,3793,100.0,
f_2062,3793,100.0,
f_2063,3793,100.0,
f_2064,3793,100.0,
f_2065,3793,100.0,
f_2066,3793,100.0,
f_2067,3793,100.0,
f_2068,3793,100.0,
f_2069,3793,100.0,
f_2070,3793,100.0,
f_2071,3793,100.0,
f_2072,3793,100.0,
f_2073,3793,100.0,
f_2074,3793,100.0,
f_2075,3793,100.0,
f_2076,3793,100.0,
f_2077,3793,100.0,
f_2078,3793,100.0,
f_2079,3793,100.0,
f_2080,3793,100.0,
f_2081,3793,100.0,
f_2082,3793,100.0,
f_2083,3793,100.0,
f_2084,3793,100.0,
f_2085,3793,100.0,
f_2086,3793,100.0,
f_2087,3793,100.0,
f_2088,3793,100.0,
f_2089,3793,100.0,
f_2090,3793,100.0,
f_2091,3793,100.0,
f_2092,3793,100.0,
f_2093,3793,100.0,
f_2094,3793,100.0,
f_2095,3793,100.0,
f_2096,3793,100.0,
f_2097,3793,100.0,
f_2098,3793,100.0,
f_2099,3793,100.0,
f_2100,3793,100.0,
f_2101,3793,100.0,
f_2102,3793,100.0,
f_2103,3793,100.0,
f_2104,3793,100.0,
f_2105,3793,100.0,
f_2106,3793,100.0,
f_2107,3793,100.0,
f_2108,3793,100.0,
f_2109,3793,100.0,
f_2110,3793,100.0,
f_2111,3793,100.0,
f_2112,3793,100.0,
f_2113,3793,100.0,
f_2114,3793,100.0,
f_2115,3793,100.0,
f_2116,3793,100.0,
f_2117,3793,100.0,
f_2118,3793,100.0,
f_2119,3793,100.0,
f_2120,3793,100.0,
f_2121,3793,100.0,
f_2122,3793,100.0,
f_2123,3793,100.0,
f_2124,3793,100.0,
f_2125,3793,100.0,
f_2126,3793,100.0,
f_2127,3793,100.0,
f_2128,3793,100.0,
f_2129,3793,100.0,
f_2130,3793,100.0,
f_2131,3793,100.0,
f_2132,3793,100.0,
f_2133,3793,100.0,
f_2134,3793,100.0,
f_2135,3793,100.0,
f_2136,3793,100.0,
f_2137,3793,100.0,
f_2138,3793,100.0,
f_2139,3793,100.0,
f_2140,3793,100.0,
f_2141,3793,100.0,
f_2142,3793,100.0,
f_2143,3793,100.0,
f_2144,3793,100.0,
f_2145,3793,100.0,
f_2146,3793,100.0,
f_2147,3793,100.0,
f_2148,3793,100.0,
f_2149,3793,100.0,
f_2150,3793,100.0,
f_2151,3793,100.0,
f_2152,3793,100.0,
f_2153,3793,100.0,
f_2154,3793,100.0,
f_2155,3793,100.0,
f_2156,3793,100.0,
f_2157,3793,100.0,
f_2158,3793,100.0,
f_2159,3793,100.0,
f_2160,3793,100.0,
f_2161,3793,100.0,
f_2162,3793,100.0,
f_2163,3793,100.0,
f_2164,3793,100.0,
f_2165,3793,100.0,
f_2166,3793,100.0,
f_2167,3793,100.0,
f_2168,3793,100.0,
f_2169,3793,100.0,
f_2170,3793,100.0,
f_2171,3793,100.0,
f_2172,3793,100.0,
f_2173,3793,100.0,
f_2174,3793,100.0,
f_2175,3793,100.0,
f_2176,3793,100.0,
f_2177,3793,100.0,
f_2178,3793,100.0,
f_2179,3793,100.0,
f_2180,3793,100.0,
f_2181,3793,100.0,
f_2182,3793,100.0,
f_2183,3793,100.0,
f_2184,3793,100.0,
f_2185,3793,100.0,
f_2186,3793,100.0,
f_2187,3793,100.0,
f_2188,3793,100.0,
f_2189,3793,100.0,
f_2190,3793,100.0,
f_2191,3793,100.0,
f_2192,3793,100.0,
f_2193,3793,100.0,
f_2194,3793,100.0,
f_2195,3793,100.0,
f_2196,3793,100.0,
f_2197,3793,100.0,
f_2198,3793,100.0,
f_2199,3793,100.0,
f_2200,3793,100.0,
f_2201,3793,100.0,
f_2202,3793,100.0,
f_2203,3793,100.0,
f_2204,3793,100.0,
f_2205,3793,100.0,
f_2206,3793,100.0,
f_2207,3793,100.0,
f_2208,3793,100.0,
f_2209,3793,100.0,
f_2210,3793,100.0,
f_2211,3793,100.0,
f_2212,3793,100.0,
f_2213,3793,100.0,
f_2214,3793,100.0,
f_2215,3793,100.0,
f_2216,3793,100.0,
f_2217,3793,100.0,
f_2218,3793,100.0,
f_2219,3793,100.0,
f_2220,3793,100.0,
f_2221,3793,100.0,
f_2222,3793,100.0,
f_2223,3793,100.0,
f_2224,3793,100.0,
f_2225,3793,100.0,
f_2226,3793,100.0,
f_2227,3793,100.0,
f_2228,3793,100.0,
f_2229,3793,100.0,
f_2230,3793,100.0,
f_2231,3793,100.0,
f_2232,3793,100.0,
f_2233,3793,100.0,
f_2234,3793,100.0,
f_2235,3793,100.0,
f_2236,3793,100.0,
f_2237,3793,100.0,
f_2238,3793,100.0,
f_2239,3793,100.0,
f_2240,3793,100.0,
f_2241,3793,100.0,
f_2242,3793,100.0,
f_2243,3793,100.0,
f_2244,3793,100.0,
f_2245,3793,100.0,
f_2246,3793,100.0,
f_2247,3793,100.0,
f_2248,3793,100.0,
f_2249,3793,100.0,
f_2250,3793,100.0,
f_2251,3793,100.0,
f_2252,3793,100.0,
f_2253,3793,100.0,
f_2254,3793,100.0,
f_2255,3793,100.0,
f_2256,3793,100.0,
f_2257,3793,100.0,
f_2258,3793,100.0,
f_2259,3793,100.0,
f_2260,3793,100.0,
f_2261,3793,100.0,
f_2262,3793,100.0,
f_2263,3793,100.0,
f_2264,3793,100.0,
f_2265,3793,100.0,
f_2266,3793,100.0,
f_2267,3793,100.0,
f_2268,3793,100.0,
f_2269,3793,100.0,
f_2270,3793,100.0,
f_2271,3793,100.0,
f_2272,3793,100.0,
f_2273,3793,100.0,
f_2274,3793,100.0,
f_2275,3793,100.0,
f_2276,3793,100.0,
f_2277,3793,100.0,
f_2278,3793,100.0,
f_2279,3793,100.0,
f_2280,3793,100.0,
f_2281,3793,100.0,
f_2282,3793,100.0,
f_2283,3793,100.0,
f_2284,3793,100.0,
f_2285,3793,100.0,
f_2286,3793,100.0,
f_2287,3793,100.0,
f_2288,3793,100.0,
f_2289,3793,100.0,
f_2290,3793,100.0,
f_2291,3793,100.0,
f_2292,3793,100.0,
f_2293,3793,100.0,
f_2294,3793,100.0,
f_2295,3793,100.0,
f_2296,3793,100.0,
f_2297,3793,100.0,
f_2298,3793,100.0,
f_2299,3793,100.0,
f_2300,3793,100.0,
f_2301,3793,100.0,
f_2302,3793,100.0,
f_2303,3793,100.0,
f_2304,3793,100.0,
f_2305,3793,100.0,
f_2306,3793,100.0,
f_2307,3793,100.0,
f_2308,3793,100.0,
f_2309,3793,100.0,
f_2310,3793,100.0,
f_2311,3793,100.0,
f_2312,3793,100.0,
f_2313,3793,100.0,
f_2314,3793,100.0,
f_2315,3793,100.0,
f_2316,3793,100.0,
f_2317,3793,100.0,
f_2318,3793,100.0,
f_2319,3793,100.0,
f_2320,3793,100.0,
f_2321,3793,100.0,
f_2322,3793,100.0,
f_2323,3793,100.0,
f_2324,3793,100.0,
f_2325,3793,100.0,
f_2326,3793,100.0,
f_2327,3793,100.0,
f_2328,3793,100.0,
f_2329,3793,100.0,
f_2330,3793,100.0,
f_2331,3793,100.0,
f_2332,3793,100.0,
f_2333,3793,100.0,
f_2334,3793,100.0,
f_2335,3793,100.0,
f_2336,3793,100.0,
f_2337,3793,100.0,
f_2338,3793,100.0,
f_2339,3793,100.0,
f_2340,3793,100.0,
f_2341,3793,100.0,
f_2342,3793,100.0,
f_2343,3793,100.0,
f_2344,3793,100.0,
f_2345,3793,100.0,
f_2346,3793,100.0,
f_2347,3793,100.0,
f_2348,3793,100.0,
f_2349,3793,100.0,
f_2350,3793,100.0,
f_2351,3793,100.0,
f_2352,3793,100.0,
f_2353,3793,100.0,
f_2354,3793,100.0,
f_2355,3793,100.0,
f_2356,3793,100.0,
f_2357,3793,100.0,
f_2358,3793,100.0,
f_2359,3793,100.0,
f_2360,3793,100.0,
f_2361,3793,100.0,
f_2362,3793,100.0,
f_2363,3793,100.0,
f_2364,3793,100.0,
f_2365,3793,100.0,
f_2366,3793,100.0,
f_2367,3793,100.0,
f_2368,3793,100.0,
f_2369,3793,100.0,
f_2370,3793,100.0,
f_2371,3793,100.0,
f_2372,3793,100.0,
f_2373,3793,100.0,
f_2374,3793,100.0,
f_2375,3793,100.0,
f_2376,3793,100.0,
f_2377,3793,100.0,
f_2378,3793,100.0,
f_2379,3793,100.0,
f_2380,3793,100.0,
f_2381,3793,100.0,
f_2382,3793,100.0,
f_2383,3793,100.0,
f_2384,3793,100.0,
f_2385,3793,100.0,
f_2386,3793,100.0,
f_2387,3793,100.0,
f_2388,3793,100.0,
f_2389,3793,100.0,
f_2390,3793,100.0,
f_2391,3793,100.0,
f_2392,3793,100.0,
f_2393,3793,100.0,
f_2394,3793,100.0,
f_2395,3793,100.0,
f_2396,3793,100.0,
f_2397,3793,100.0,
f_2398,3793,100.0,
f_2399,3793,100.0,
f_2400,3793,100.0,
f_2401,3793,100.0,
f_2402,3793,100.0,
f_2403,3793,100.0,
f_2404,3793,100.0,
f_2405,3793,100.0,
f_2406,3793,100.0,
f_2407,3793,100.0,
f_2408,3793,100.0,
f_2409,3793,100.0,
f_2410,3793,100.0,
f_2411,3793,100.0,
f_2412,3793,100.0,
f_2413,3793,100.0,
f_2414,3793,100.0,
f_2415,3793,100.0,
f_2416,3793,100.0,
f_2417,3793,100.0,
f_2418,3793,100.0,
f_2419,3793,100.0,
f_2420,3793,100.0,
f_2421,3793,100.0,
f_2422,3793,100.0,
f_2423,3793,100.0,
f_2424,3793,100.0,
f_2425,3793,100.0,
f_2426,3793,100.0,
f_2427,3793,100.0,
f_2428,3793,100.0,
f_2429,3793,100.0,
f_2430,3793,100.0,
f_2431,3793,100.0,
f_2432,3793,100.0,
f_2433,3793,100.0,
f_2434,3793,100.0,
f_2435,3793,100.0,
f_2436,3793,100.0,
f_2437,3793,100.0,
f_2438,3793,100.0,
f_2439,3793,100.0,
f_2440,3793,100.0,
f_2441,3793,100.0,
f_2442,3793,100.0,
f_2443,3793,100.0,
f_2444,3793,100.0,
f_2445,3793,100.0,
f_2446,3793,100.0,
f_2447,3793,100.0,
f_2448,3793,100.0,
f_2449,3793,100.0,
f_2450,3793,100.0,
f_2451,3793,100.0,
f_2452,3793,100.0,
f_2453,3793,100.0,
f_2454,3793,100.0,
f_2455,3793,100.0,
f_2456,3793,100.0,
f_2457,3793,100.0,
f_2458,3793,100.0,
f_2459,3793,100.0,
f_2460,3793,100.0,
f_2461,3793,100.0,
f_2462,3793,100.0,
f_2463,3793,100.0,
f_2464,3793,100.0,
f_2465,3793,100.0,
f_2466,3793,100.0,
f_2467,3793,100.0,
f_2468,3793,100.0,
f_2469,3793,100.0,
f_2470,3793,100.0,
f_2471,3793,100.0,
f_2472,3793,100.0,
f_2473,3793,100.0,
f_2474,3793,100.0,
f_2475,3793,100.0,
f_2476,3793,100.0,
f_2477,3793,100.0,
f_2478,3793,100.0,
f_2479,3793,100.0,
f_2480,3793,100.0,
f_2481,3793,100.0,
f_2482,3793,100.0,
f_2483,3793,100.0,
f_2484,3793,100.0,
f_2485,3793,100.0,
f_2486,3793,100.0,
f_2487,3793,100.0,
f_2488,3793,100.0,
f_2489,3793,100.0,
f_2490,3793,100.0,
f_2491,3793,100.0,
f_2492,3793,100.0,
f_2493,3793,100.0,
f_2494,3793,100.0,
f_2495,3793,100.0,
f_2496,3793,100.0,
f_2497,3793,100.0,
f_2498,3793,100.0,
f_2499,3793,100.0,
f_2500,3793,100.0,
f_2501,3793,100.0,
f_2502,3793,100.0,
f_2503,3793,100.0,
f_2504,3793,100.0,
f_2505,3793,100.0,
f_2506,3793,100.0,
f_2507,3793,100.0,
f_2508,3793,100.0,
f_2509,3793,100.0,
f_2510,3793,100.0,
f_2511,3793,100.0,
f_2512,3793,100.0,
f_2513,3793,100.0,
f_2514,3793,100.0,
f_2515,3793,100.0,
f_2516,3793,100.0,
f_2517,3793,100.0,
f_2518,3793,100.0,
f_2519,3793,100.0,
f_2520,3793,100.0,
f_2521,3793,100.0,
f_2522,3793,100.0,
f_2523,3793,100.0,
f_2524,3793,100.0,
f_2525,3793,100.0,
f_2526,3793,100.0,
f_2527,3793,100.0,
f_2528,3793,100.0,
f_2529,3793,100.0,
f_2530,3793,100.0,
f_2531,3793,100.0,
f_2532,3793,100.0,
f_2533,3793,100.0,
f_2534,3793,100.0,
f_2535,3793,100.0,
f_2536,3793,100.0,
f_2537,3793,100.0,
f_2538,3793,100.0,
f_2539,3793,100.0,
f_2540,3793,100.0,
f_2541,3793,100.0,
f_2542,3793,100.0,
f_2543,3793,100.0,
f_2544,3793,100.0,
f_2545,3793,100.0,
f_2546,3793,100.0,
f_2547,3793,100.0,
f_2548,3793,100.0,
f_2549,3793,100.0,
f_2550,3793,100.0,
f_2551,3793,100.0,
f_2552,3793,100.0,
f_2553,3793,100.0,
f_2554,3793,100.0,
f_2555,3793,100.0,
f_2556,3749,98.84,0.34462255791664564
f_2557,3740,98.6,0.3698579399615132
f_2558,3735,98.47,0.3616100041501585
f_2559,3729,98.31,0.3337684712114129
f_2560,3709,97.79,0.3105567784370782
f_2561,3689,97.26,0.311295740552984
f_2562,3749,98.84,0.35724950218047324
f_2563,3740,98.6,0.3814310538717883
f_2564,3735,98.47,0.37308263832130634
f_2565,3729,98.31,0.3474951954490839
f_2566,3709,97.79,0.30801544958255106
f_2567,3689,97.26,0.2653992583005667
f_2568,3749,98.84,0.3457682809252961
f_2569,3740,98.6,0.37088630140096474
f_2570,3735,98.47,0.3630238030677586
f_2571,3729,98.31,0.3372053184586496
f_2572,3709,97.79,0.3103968415725261
f_2573,3689,97.26,0.2958783148281858
f_2574,3749,98.84,0.13212795818326153
f_2575,3740,98.6,0.1294767329326003
f_2576,3735,98.47,0.11516563570810703
f_2577,3729,98.31,0.08782609533300388
f_2578,3709,97.79,0.06535059776773441
f_2579,3689,97.26,0.08982862334441337
f_2580,3749,98.84,0.04139647888516828
f_2581,3740,98.6,0.058980025769381335
f_2582,3735,98.47,0.0020173688339833362
f_2583,3729,98.31,0.0195051467431107
f_2584,3709,97.79,0.07577921047705607
f_2585,3689,97.26,0.00438367281803655
f_2586,3790,99.92,
f_2587,3787,99.84,0.22523708011006757
f_2588,3784,99.76,0.16474392690134992
f_2589,3780,99.66,0.1418288857641541
f_2590,3771,99.42,0.38278973030129176
f_2591,3760,99.13,0.6678674138497008
f_2592,3793,100.0,
f_2593,3791,99.95,1.0
f_2594,3788,99.87,0.37686733144071477
f_2595,3784,99.76,0.03863638892599624
f_2596,3776,99.55,0.41812075386322967
f_2597,3763,99.21,0.6488747529870809
f_2598,2828,74.56,0.10939426164761523
f_2599,2725,71.84,0.0913867793624928
f_2600,2694,71.03,0.07765209306232629
f_2601,2593,68.36,0.07003302065619794
f_2602,2485,65.52,0.004576825114035509
f_2603,2438,64.28,0.004269077304948544
f_2604,2368,62.43,0.009469920912731127
f_2605,2828,74.56,0.10939426164761523
f_2606,2725,71.84,0.08846780249033273
f_2607,2694,71.03,0.0813284120582482
f_2608,2593,68.36,0.08248432534652982
f_2609,2485,65.52,0.0767811597859285
f_2610,2438,64.28,0.008580539452483204
f_2611,2368,62.43,0.007893214074371371
f_2612,2828,74.56,0.10939426164761523
f_2613,2725,71.84,0.0915412033965104
f_2614,2694,71.03,0.08312337787487731
f_2615,2593,68.36,0.08020017624479123
f_2616,2485,65.52,0.06958465214596417
f_2617,2438,64.28,0.06629672011384634
f_2618,2368,62.43,0.015054050513253075
f_2619,3793,100.0,
f_2620,2725,71.84,0.12970495340008245
f_2621,2694,71.03,0.047444536482428676
f_2622,2593,68.36,0.033980355148937505
f_2623,2485,65.52,0.0232343447695045
f_2624,2438,64.28,0.05162181713729331
f_2625,2368,62.43,0.051086442148187236
f_2626,3793,100.0,
f_2627,2725,71.84,0.0019143368469278393
f_2628,2694,71.03,0.022378271288010766
f_2629,2593,68.36,0.012415358797785112
f_2630,2485,65.52,0.02742065020758576
f_2631,2438,64.28,0.006760119644075978
f_2632,2368,62.43,0.01086670258664325
f_2633,3793,100.0,
f_2634,3738,98.55,0.4259529866839088
f_2635,3696,97.44,0.061007347166224
f_2636,3558,93.8,0.006481141455678939
f_2637,3394,89.48,0.03444043565033591
f_2638,3302,87.06,0.02110792146694239
f_2639,3214,84.74,0.008181132421760837
f_2640,3793,100.0,
f_2641,3781,99.68,0.7831811800072198
f_2642,3744,98.71,0.2592443609958067
f_2643,3597,94.83,0.13347722866646414
f_2644,3417,90.09,0.03968158279379129
f_2645,3324,87.64,0.06748465274257508
f_2646,3230,85.16,0.013236107229334854
f_2647,1812,47.77,0.0428833713321312
f_2648,997,26.29,0.03837008941000675
f_2649,902,23.78,0.04304904393674077
f_2650,824,21.72,0.040266987483971825
f_2651,567,14.95,0.053381406376922715
f_2652,457,12.05,0.06267944384140592
f_2653,1812,47.77,0.04102714986598337
f_2654,997,26.29,0.025637059678458793
f_2655,902,23.78,0.02205620318467574
f_2656,824,21.72,0.017360782702068207
f_2657,567,14.95,0.014194285254347943
f_2658,457,12.05,0.004884312821925003
f_2659,1812,47.77,0.04029371880622879
f_2660,997,26.29,0.03497740816007271
f_2661,902,23.78,0.03719348049056791
f_2662,824,21.72,0.03182411156753132
f_2663,567,14.95,0.032994063136446615
f_2664,457,12.05,0.03985883076238609
f_2665,1812,47.77,0.06124339699459337
f_2666,997,26.29,0.04627729148632584
f_2667,902,23.78,0.05533485473190109
f_2668,824,21.72,0.06769389274470175
f_2669,567,14.95,0.025021721948867152
f_2670,457,12.05,0.013550655722122584
f_2671,1812,47.77,0.09304489519092163
f_2672,997,26.29,0.004111403127603613
f_2673,902,23.78,0.005532348206386275
f_2674,824,21.72,0.013905437820412866
f_2675,567,14.95,0.010076102226076748
f_2676,457,12.05,0.005491405588749122
f_2677,3721,98.1,0.039338659511501374
f_2678,3549,93.57,0.056359299755552976
f_2679,3477,91.67,0.0038950049711754687
f_2680,3415,90.03,0.010414148284134518
f_2681,3219,84.87,0.015313452303869773
f_2682,3006,79.25,0.07261332336469245
f_2683,3754,98.97,0.006707652777731772
f_2684,3633,95.78,0.17900284427859753
f_2685,3562,93.91,0.06757004759715904
f_2686,3507,92.46,0.0799275548352384
f_2687,3307,87.19,0.041102801640049695
f_2688,3094,81.57,0.012010190971684995
f_2689,1977,52.12,0.2303213581078025
f_2690,1235,32.56,0.22382238311414748
f_2691,1168,30.79,0.22285949939263777
f_2692,1109,29.24,0.22718966254201922
f_2693,818,21.57,0.22426242549574002
f_2694,690,18.19,0.2423347639667069
f_2695,1977,52.12,0.06775573694048037
f_2696,1235,32.56,0.043404071409244786
f_2697,1168,30.79,0.03174550492631182
f_2698,1109,29.24,0.021973149614835066
f_2699,818,21.57,0.0012841418017351008
f_2700,690,18.19,0.03171064429577577
f_2701,1977,52.12,0.012428533950557279
f_2702,1235,32.56,0.004321485682800764
f_2703,1168,30.79,0.011018290046057255
f_2704,1109,29.24,0.0179231349374195
f_2705,818,21.57,0.01586657150022384
f_2706,690,18.19,0.010734090661912683
f_2707,1977,52.12,0.19027553550120832
f_2708,1235,32.56,0.14996613096773184
f_2709,1168,30.79,0.12968659674450536
f_2710,1109,29.24,0.11399553028750616
f_2711,818,21.57,0.09798478531641584
f_2712,690,18.19,0.07194177675868964
f_2713,1977,52.12,0.17405221314880354
f_2714,1235,32.56,0.14435356278436867
f_2715,1168,30.79,0.13969615450742962
f_2716,1109,29.24,0.13631195402499685
f_2717,818,21.57,0.14112382766243947
f_2718,690,18.19,0.1459546352480096
f_2719,2143,56.5,0.16997768401050156
f_2720,1470,38.76,0.1410705646660642
f_2721,1408,37.12,0.1295399702354249
f_2722,1348,35.54,0.1282718340654783
f_2723,1053,27.76,0.11492002022856627
f_2724,929,24.49,0.1257317824320092
f_2725,3766,99.29,0.13503632556102058
f_2726,3712,97.86,0.08531757561858427
f_2727,3673,96.84,0.25540944188086234
f_2728,3632,95.76,0.2658328278852377
f_2729,3497,92.2,0.11951708420351294
f_2730,3393,89.45,0.08910239110683328
f_2731,1652,43.55,0.29167868002917907
f_2732,814,21.46,0.2587574323573269
f_2733,708,18.67,0.2386150131135444
f_2734,644,16.98,0.23020461126388722
f_2735,428,11.28,0.19557195990373813
f_2736,339,8.94,0.16142948927824372
f_2737,1652,43.55,0.2946236059820545
f_2738,814,21.46,0.271599876188062
f_2739,708,18.67,0.26617145007258575
f_2740,644,16.98,0.26276519022419836
f_2741,428,11.28,0.25225600574694895
f_2742,339,8.94,0.24820040554787512
f_2743,1652,43.55,0.2948573447998886
f_2744,814,21.46,0.26663867868454316
f_2745,708,18.67,0.2577848249456883
f_2746,644,16.98,0.2532768323208237
f_2747,428,11.28,0.23439462785238294
f_2748,339,8.94,0.21094513032933496
f_2749,1652,43.55,0.006319958182599916
f_2750,814,21.46,0.0026604583416713593
f_2751,708,18.67,0.0240584627545282
f_2752,644,16.98,0.04213899973124618
f_2753,428,11.28,0.04711048658158884
f_2754,339,8.94,0.02181193132032128
f_2755,1652,43.55,0.01777809673931967
f_2756,814,21.46,0.007308570700952916
f_2757,708,18.67,0.01780966409620375
f_2758,644,16.98,0.022496654248822984
f_2759,428,11.28,0.04792432516059851
f_2760,339,8.94,0.029912311990984212
f_2761,3661,96.52,0.08672125513067669
f_2762,3372,88.9,0.146251095239593
f_2763,3248,85.63,0.128713124667031
f_2764,3129,82.49,0.12406380478964003
f_2765,2848,75.09,0.040528534568511174
f_2766,2559,67.47,0.036432230774271906
f_2767,3700,97.55,0.06037808588753143
f_2768,3451,90.98,0.1247835067120168
f_2769,3328,87.74,0.11759913481094356
f_2770,3207,84.55,0.11651316423929062
f_2771,2921,77.01,0.0634460941187701
f_2772,2632,69.39,0.0015879279302533976
f_2773,1652,43.55,0.058953634274405926
f_2774,814,21.46,0.053636641139347935
f_2775,708,18.67,0.06019679188628425
f_2776,644,16.98,0.0654202155408278
f_2777,428,11.28,0.07696771538452209
f_2778,339,8.94,0.08503213750948956
f_2779,1652,43.55,0.05976029455024442
f_2780,814,21.46,0.04471353611467329
f_2781,708,18.67,0.03004800634149357
f_2782,644,16.98,0.026076363754267834
f_2783,428,11.28,0.018613080482435405
f_2784,339,8.94,0.0036183397508220442
f_2785,1652,43.55,0.05818621968085105
f_2786,814,21.46,0.04608942223550603
f_2787,708,18.67,0.047130907389815534
f_2788,644,16.98,0.04725917779433159
f_2789,428,11.28,0.04728748743349012
f_2790,339,8.94,0.04093057913954727
f_2791,1652,43.55,0.007093609485237428
f_2792,814,21.46,0.020917594602721645
f_2793,708,18.67,0.00580864729344668
f_2794,644,16.98,0.007325932663744216
f_2795,428,11.28,0.023934197677649705
f_2796,339,8.94,0.02051676839973775
f_2797,1654,43.61,0.016405550732830673
f_2798,817,21.54,0.02629178983383078
f_2799,712,18.77,0.0032688429266755077
f_2800,648,17.08,0.017268331360597498
f_2801,432,11.39,0.004573014476660598
f_2802,343,9.04,0.0008023164215192099
f_2803,3661,96.52,0.12516668234323838
f_2804,3372,88.9,0.13563469407635212
f_2805,3248,85.63,0.051486620232413245
f_2806,3129,82.49,0.05218067274622872
f_2807,2848,75.09,0.022994473676245207
f_2808,2559,67.47,0.05840151411241306
f_2809,3732,98.39,0.016217857088556442
f_2810,3534,93.17,0.08021419357923237
f_2811,3415,90.03,0.06262741368239423
f_2812,3289,86.71,0.09237651426861719
f_2813,3018,79.57,0.10946252015938097
f_2814,2736,72.13,0.07230701029099418
f_2815,3677,96.94,0.12182924478455034
f_2816,3636,95.86,0.06690482415096749
f_2817,3611,95.2,0.0031890860942273202
f_2818,3598,94.86,0.009107716419150431
f_2819,3552,93.65,0.002515974277864313
f_2820,3522,92.86,0.017808166560707727
f_2821,3677,96.94,0.16862779809320733
f_2822,3636,95.86,0.1716218540206078
f_2823,3611,95.2,0.11689117043948034
f_2824,3598,94.86,0.11784366785912766
f_2825,3552,93.65,0.11682571267390915
f_2826,3522,92.86,0.13244256511857097
f_2827,3677,96.94,0.11901663382938414
f_2828,3636,95.86,0.07007026072085723
f_2829,3611,95.2,0.019112127503898773
f_2830,3598,94.86,0.01327689992907288
f_2831,3552,93.65,0.019581766203382315
f_2832,3522,92.86,0.03067013254705411
f_2833,3677,96.94,0.18191975552014225
f_2834,3636,95.86,0.20033827371023188
f_2835,3611,95.2,0.10067055403392347
f_2836,3598,94.86,0.11919673880590435
f_2837,3552,93.65,0.09926229045802068
f_2838,3522,92.86,0.05454703267656814
f_2839,3677,96.94,0.1838180476670753
f_2840,3636,95.86,0.23740788263873108
f_2841,3611,95.2,0.17427868564154442
f_2842,3598,94.86,0.15827897220844234
f_2843,3552,93.65,0.14238136901793
f_2844,3522,92.86,0.1113543817731086
f_2845,3782,99.71,0.3500341272944421
f_2846,3763,99.21,0.2038576890594464
f_2847,3755,99.0,0.25733484032225884
f_2848,3752,98.92,0.37373536062276147
f_2849,3727,98.26,0.1852446385567906
f_2850,3702,97.6,0.1573200897057928
f_2851,3789,99.89,
f_2852,3772,99.45,0.11431123197103192
f_2853,3765,99.26,0.2167435699634008
f_2854,3762,99.18,0.30959513001159605
f_2855,3739,98.58,0.10832727819692416
f_2856,3717,98.0,0.016494863811831396
f_2857,3677,96.94,0.07840893544097882
f_2858,3636,95.86,0.12557088987438206
f_2859,3611,95.2,0.11377619123607383
f_2860,3598,94.86,0.10109392663746487
f_2861,3552,93.65,0.05041354342047332
f_2862,3522,92.86,0.10426172246156411
f_2863,3677,96.94,0.0333101013535403
f_2864,3636,95.86,0.049651801106000794
f_2865,3611,95.2,0.013912818066907438
f_2866,3598,94.86,0.01755890904560463
f_2867,3552,93.65,0.059474608544138614
f_2868,3522,92.86,0.05396484580227989
f_2869,3677,96.94,0.04628813097891691
f_2870,3636,95.86,0.07549877296816622
f_2871,3611,95.2,0.05287110082804167
f_2872,3598,94.86,0.04447255632709011
f_2873,3552,93.65,0.005762802477872245
f_2874,3522,92.86,0.015665102197029563
f_2875,3677,96.94,0.09088063300286611
f_2876,3636,95.86,0.09507493262867406
f_2877,3611,95.2,0.09304251112989527
f_2878,3598,94.86,0.011303904749340527
f_2879,3552,93.65,0.015521670244208483
f_2880,3522,92.86,0.054573224035540005
f_2881,3677,96.94,0.05147351936316619
f_2882,3636,95.86,0.062203448329310976
f_2883,3611,95.2,0.03718029974384818
f_2884,3598,94.86,0.02012499718931077
f_2885,3552,93.65,0.0003765531705262367
f_2886,3522,92.86,0.0058159087003813
f_2887,3782,99.71,0.33582440706897765
f_2888,3763,99.21,0.030680809376626234
f_2889,3755,99.0,0.05248431155117475
f_2890,3752,98.92,0.11228206234296166
f_2891,3727,98.26,0.042422592446109166
f_2892,3702,97.6,0.028082550110990336
f_2893,3789,99.89,0.7580657290757744
f_2894,3777,99.58,0.46914267870896803
f_2895,3769,99.37,0.2994829771861907
f_2896,3766,99.29,0.17397173538717114
f_2897,3743,98.68,0.09804575338636096
f_2898,3719,98.05,0.16132149434422213
f_2899,1652,43.55,0.11827013827490417
f_2900,814,21.46,0.10840398204180146
f_2901,708,18.67,0.12942741656682252
f_2902,644,16.98,0.13003848269236018
f_2903,428,11.28,0.15457791914894523
f_2904,339,8.94,0.15282434533771302
f_2905,1652,43.55,0.1300489797875467
f_2906,814,21.46,0.11333105991884386
f_2907,708,18.67,0.09591421204993418
f_2908,644,16.98,0.07480498520761827
f_2909,428,11.28,0.06368967115419326
f_2910,339,8.94,0.02273384275108658
f_2911,1652,43.55,0.1135884862011612
f_2912,814,21.46,0.11673052723984097
f_2913,708,18.67,0.11604666315325368
f_2914,644,16.98,0.11161325489842566
f_2915,428,11.28,0.12114332019750036
f_2916,339,8.94,0.08623367424357936
f_2917,1652,43.55,0.029701801918764568
f_2918,814,21.46,0.014176032011883031
f_2919,708,18.67,0.007617380491073976
f_2920,644,16.98,0.03176949094515976
f_2921,428,11.28,0.016028146605994054
f_2922,339,8.94,0.002130482286716681
f_2923,1652,43.55,0.03155146733023129
f_2924,815,21.49,
f_2925,708,18.67,0.024062274975981325
f_2926,644,16.98,0.03839547731787302
f_2927,428,11.28,0.026320269483656584
f_2928,339,8.94,0.01017804173267544
f_2929,3661,96.52,0.09885688738520713
f_2930,3372,88.9,0.13185636701691983
f_2931,3248,85.63,0.0740978630545807
f_2932,3129,82.49,0.05610037971542094
f_2933,2848,75.09,0.03042932677475719
f_2934,2559,67.47,0.010561732727698642
f_2935,3733,98.42,0.07082273117946607
f_2936,3525,92.93,0.06427076157015958
f_2937,3397,89.56,0.03681100832411414
f_2938,3277,86.4,0.0491877656388069
f_2939,2987,78.75,0.0526795269977238
f_2940,2694,71.03,0.07382930213774674
f_2941,2851,75.16,0.027126637134340124
f_2942,2749,72.48,0.05003649274382637
f_2943,2716,71.61,0.02653115510692865
f_2944,2610,68.81,0.049950204483439745
f_2945,2501,65.94,0.036306794104051354
f_2946,2456,64.75,0.039322064276467616
f_2947,2385,62.88,0.02814078277394946
f_2948,2851,75.16,0.025487805574241053
f_2949,2749,72.48,0.048043079271183516
f_2950,2716,71.61,0.02494325465363566
f_2951,2610,68.81,0.04889911459120161
f_2952,2501,65.94,0.0602288212418867
f_2953,2456,64.75,0.0786532330603426
f_2954,2385,62.88,0.06306560413122814
f_2955,2851,75.16,0.025487805574241053
f_2956,2749,72.48,0.04904933028307874
f_2957,2716,71.61,0.025970623827738522
f_2958,2610,68.81,0.04895381103644514
f_2959,2501,65.94,0.04968176544735796
f_2960,2456,64.75,0.07041706341265903
f_2961,2385,62.88,0.049016854610150415
f_2962,2851,75.16,0.11578437735473195
f_2963,2749,72.48,0.0005386089892297659
f_2964,2716,71.61,0.023623641828085663
f_2965,2610,68.81,0.02198337011391318
f_2966,2501,65.94,0.008442946148826092
f_2967,2456,64.75,0.025155986015254393
f_2968,2385,62.88,0.02783594236935094
f_2969,2851,75.16,0.11578437735473195
f_2970,2749,72.48,0.01108547970427505
f_2971,2716,71.61,0.08690802619805027
f_2972,2610,68.81,0.03104053734729817
f_2973,2501,65.94,0.016471825926407065
f_2974,2456,64.75,0.02870299790651501
f_2975,2385,62.88,0.04296876410336918
f_2976,3793,100.0,
f_2977,3776,99.55,0.5437566320103627
f_2978,3738,98.55,0.37946838352598167
f_2979,3595,94.78,0.12481151916793909
f_2980,3412,89.96,0.045234960713825455
f_2981,3314,87.37,0.04988454196115941
f_2982,3214,84.74,0.009001169294996192
f_2983,3793,100.0,
f_2984,3778,99.6,0.027560099302617526
f_2985,3740,98.6,0.09691055201315052
f_2986,3598,94.86,0.07505938369298001
f_2987,3415,90.03,0.05434178814563679
f_2988,3317,87.45,0.05053808874957879
f_2989,3217,84.81,0.0226998858395899
f_2990,3571,94.15,0.18277111099990226
f_2991,3530,93.07,0.11915812288969374
f_2992,3508,92.49,0.11638459230500621
f_2993,3455,91.09,0.09636037397404106
f_2994,3422,90.22,0.06120629511243951
f_2995,3410,89.9,0.08220015547535503
f_2996,3397,89.56,0.10290978306011017
f_2997,3571,94.15,0.18099926380566042
f_2998,3530,93.07,0.12293162381830472
f_2999,3508,92.49,0.1187378100194855
f_3000,3455,91.09,0.11362840003824162
f_3001,3422,90.22,0.09906143336135363
f_3002,3410,89.9,0.14371794666096135
f_3003,3397,89.56,0.21229872531274827
f_3004,3571,94.15,0.17757879841073151
f_3005,3530,93.07,0.12257384871072656
f_3006,3508,92.49,0.12484277759927968
f_3007,3455,91.09,0.1114889294607491
f_3008,3422,90.22,0.10365233955148904
f_3009,3410,89.9,0.12646409157744562
f_3010,3397,89.56,0.2003313179765361
f_3011,3571,94.15,0.03950313429962564
f_3012,3530,93.07,0.007763706808156893
f_3013,3508,92.49,0.06332390219935485
f_3014,3455,91.09,0.013463566998315227
f_3015,3422,90.22,0.04964563614465197
f_3016,3410,89.9,0.01008921528528752
f_3017,3397,89.56,0.07696109579355918
f_3018,3571,94.15,0.12241735597098755
f_3019,3530,93.07,0.04548492372684137
f_3020,3508,92.49,0.06835036933125105
f_3021,3455,91.09,0.09284448474993691
f_3022,3422,90.22,0.11040753809911774
f_3023,3410,89.9,0.03379167521128732
f_3024,3397,89.56,0.08013255087208626
f_3025,3748,98.81,0.06084769906716417
f_3026,3739,98.58,0.0012861972154946484
f_3027,3720,98.08,0.029422041151196246
f_3028,3664,96.6,0.026589411188333873
f_3029,3594,94.75,0.04673527912264677
f_3030,3568,94.07,0.036549446006986105
f_3031,3546,93.49,0.0255999868958257
f_3032,3785,99.79,0.8557720203491267
f_3033,3776,99.55,0.4698503075548513
f_3034,3758,99.08,0.3145140395176862
f_3035,3701,97.57,0.0620097927989466
f_3036,3625,95.57,0.09784821794955456
f_3037,3590,94.65,0.07042636571176186
f_3038,3556,93.75,0.007436123584188315
f_3039,3401,89.67,0.1056611174716867
f_3040,3363,88.66,0.10050313243068262
f_3041,3344,88.16,0.11102250817223296
f_3042,3261,85.97,0.09689407394000149
f_3043,3176,83.73,0.09535021753053145
f_3044,3144,82.89,0.08451009230243822
f_3045,3097,81.65,0.06832453839090095
f_3046,3401,89.67,0.10724452081317357
f_3047,3363,88.66,0.11592122114060058
f_3048,3344,88.16,0.12063657345746848
f_3049,3261,85.97,0.10243472114475337
f_3050,3176,83.73,0.09009768769734365
f_3051,3144,82.89,0.07679047866664569
f_3052,3097,81.65,0.06588513008465567
f_3053,3401,89.67,0.1042045083308828
f_3054,3363,88.66,0.10795707133226143
f_3055,3344,88.16,0.10787021704203581
f_3056,3261,85.97,0.09308939942339298
f_3057,3176,83.73,0.08390232868652521
f_3058,3144,82.89,0.06287896782779963
f_3059,3097,81.65,0.051235157106226475
f_3060,3401,89.67,0.08257035225482659
f_3061,3363,88.66,0.027573138787868174
f_3062,3344,88.16,0.041366592298243444
f_3063,3261,85.97,0.009645373407447562
f_3064,3176,83.73,0.005319571119557799
f_3065,3144,82.89,0.04831214298369852
f_3066,3097,81.65,0.05043790763595317
f_3067,3401,89.67,0.09974183779316526
f_3068,3363,88.66,0.02049110403621661
f_3069,3344,88.16,0.06975614570419615
f_3070,3261,85.97,0.04622638099939202
f_3071,3176,83.73,0.0668002887785637
f_3072,3144,82.89,0.1229124089753978
f_3073,3097,81.65,0.1268406211159162
f_3074,3782,99.71,0.32210033330997145
f_3075,3755,99.0,0.009882734925646864
f_3076,3719,98.05,0.15295377252344677
f_3077,3661,96.52,0.14653461724930808
f_3078,3560,93.86,0.14686375584953343
f_3079,3498,92.22,0.07768744364128233
f_3080,3455,91.09,0.005153188592198717
f_3081,3783,99.74,0.8784800771578534
f_3082,3756,99.02,0.08137071737399205
f_3083,3720,98.08,0.06778196487289773
f_3084,3662,96.55,0.06556788330173097
f_3085,3561,93.88,0.04443850456169335
f_3086,3502,92.33,0.05508446886595248
f_3087,3456,91.12,0.039140276734706825
f_3088,1897,50.01,0.39244621529846574
f_3089,1152,30.37,0.3690436053301568
f_3090,1069,28.18,0.38197630277094047
f_3091,1007,26.55,0.38245062032341715
f_3092,771,20.33,0.399735633222915
f_3093,673,17.74,0.4176013018446483
f_3094,1897,50.01,0.35438533468856886
f_3095,1152,30.37,0.3284690346429011
f_3096,1069,28.18,0.2950120267941425
f_3097,1007,26.55,0.28853177153861503
f_3098,771,20.33,0.25730443937954883
f_3099,673,17.74,0.23108533307630663
f_3100,1897,50.01,0.3660978908176937
f_3101,1152,30.37,0.33081270349728775
f_3102,1069,28.18,0.3258819756959847
f_3103,1007,26.55,0.3280845202213181
f_3104,771,20.33,0.3245539793658853
f_3105,673,17.74,0.3286276781426879
f_3106,1897,50.01,0.093418283583919
f_3107,1152,30.37,0.09045989550849722
f_3108,1069,28.18,0.06020547749041988
f_3109,1007,26.55,0.015163538753475722
f_3110,771,20.33,0.004258049674922913
f_3111,673,17.74,0.017202832136604666
f_3112,1898,50.04,0.04021629288187029
f_3113,1153,30.4,
f_3114,1070,28.21,
f_3115,1009,26.6,
f_3116,771,20.33,0.07550177058869101
f_3117,673,17.74,0.09393183144278001
f_3118,3687,97.21,0.4522966344571814
f_3119,3502,92.33,0.1778167718512635
f_3120,3427,90.35,0.23011306654731978
f_3121,3362,88.64,0.22009049349764645
f_3122,3166,83.47,0.267856068718464
f_3123,3002,79.15,0.308247476301447
f_3124,3742,98.66,0.5225479171494748
f_3125,3591,94.67,0.10043596327470537
f_3126,3510,92.54,0.14829883512578432
f_3127,3444,90.8,0.14636151635555192
f_3128,3257,85.87,0.07968756648760503
f_3129,3102,81.78,0.13736869647539582
f_3130,2154,56.79,0.2841154467982138
f_3131,1513,39.89,0.29810320714066446
f_3132,1423,37.52,0.28959876913389104
f_3133,1367,36.04,0.29391585601652076
f_3134,1187,31.29,0.28788573911400883
f_3135,1099,28.97,0.2945392079091019
f_3136,2154,56.79,0.2593854986185505
f_3137,1513,39.89,0.2718867253357723
f_3138,1423,37.52,0.25371971359375883
f_3139,1367,36.04,0.24071212618776452
f_3140,1187,31.29,0.21801080261469147
f_3141,1099,28.97,0.1623421918990553
f_3142,2154,56.79,0.2716854699879136
f_3143,1513,39.89,0.28862251249220344
f_3144,1423,37.52,0.26783039572787276
f_3145,1367,36.04,0.26271415427826916
f_3146,1187,31.29,0.2568400038196292
f_3147,1099,28.97,0.24518604817368353
f_3148,2154,56.79,0.0479722805035006
f_3149,1513,39.89,0.03195622699655089
f_3150,1423,37.52,0.006018926081922848
f_3151,1367,36.04,0.0050775667067791365
f_3152,1187,31.29,0.0030824160905449653
f_3153,1099,28.97,0.05892975655496227
f_3154,2154,56.79,0.06056035355278053
f_3155,1513,39.89,0.018329823684669448
f_3156,1423,37.52,0.021384410327884646
f_3157,1367,36.04,0.023029524942972824
f_3158,1187,31.29,0.00835397612415545
f_3159,1099,28.97,0.021898623057615835
f_3160,3700,97.55,0.3329950924922405
f_3161,3490,92.01,0.1158573174997953
f_3162,3390,89.38,0.02753509625431451
f_3163,3308,87.21,0.05496955368647191
f_3164,3113,82.07,0.03203387960733509
f_3165,2990,78.83,0.08384232370924455
f_3166,3762,99.18,0.07200099371024148
f_3167,3617,95.36,0.04846818438364781
f_3168,3521,92.83,0.0615604416334043
f_3169,3442,90.75,0.06521992812023758
f_3170,3245,85.55,0.03926639552774887
f_3171,3122,82.31,0.054571224322666596
f_3172,3793,100.0,
f_3173,3793,100.0,
f_3174,3793,100.0,
f_3175,3793,100.0,
f_3176,3793,100.0,
f_3177,3793,100.0,
f_3178,3793,100.0,
f_3179,3793,100.0,
f_3180,3793,100.0,
f_3181,3793,100.0,
f_3182,3793,100.0,
f_3183,3793,100.0,
f_3184,3793,100.0,
f_3185,3793,100.0,
f_3186,3793,100.0,
f_3187,3793,100.0,
f_3188,3793,100.0,
f_3189,3793,100.0,
f_3190,3793,100.0,
f_3191,3793,100.0,
f_3192,3793,100.0,
f_3193,3793,100.0,
f_3194,3793,100.0,
f_3195,3793,100.0,
f_3196,3793,100.0,
f_3197,3793,100.0,
f_3198,3793,100.0,
f_3199,3793,100.0,
f_3200,3793,100.0,
f_3201,3793,100.0,
f_3202,3793,100.0,
f_3203,3793,100.0,
f_3204,3793,100.0,
f_3205,3793,100.0,
f_3206,3793,100.0,
f_3207,3793,100.0,
f_3208,3793,100.0,
f_3209,3793,100.0,
f_3210,3793,100.0,
f_3211,3793,100.0,
f_3212,3793,100.0,
f_3213,3793,100.0,
f_3214,3793,100.0,
f_3215,3793,100.0,
f_3216,3793,100.0,
f_3217,3662,96.55,0.10618221756031317
f_3218,3618,95.39,0.17979555166954736
f_3219,3587,94.57,0.1438987181899716
f_3220,3793,100.0,
f_3221,3793,100.0,
f_3222,3793,100.0,
f_3223,3525,92.93,0.04450580908400013
f_3224,3477,91.67,0.03908626861967084
f_3225,3448,90.9,0.04772400633813326
f_3226,3793,100.0,
f_3227,3793,100.0,
f_3228,3793,100.0,
f_3229,3562,93.91,0.2780229625277651
f_3230,3518,92.75,0.2794586780582471
f_3231,3478,91.7,0.31522281622745835
f_3232,3793,100.0,
f_3233,3793,100.0,
f_3234,3793,100.0,
f_3235,3764,99.24,0.31076742499400445
f_3236,3761,99.16,0.32444284226152503
f_3237,3760,99.13,0.32444284226152503
f_3238,3793,100.0,
f_3239,3793,100.0,
f_3240,3793,100.0,
f_3241,3705,97.68,0.1324628389862492
f_3242,3659,96.47,0.09925875485311723
f_3243,3619,95.41,0.1188332399294653
f_3244,3793,100.0,
f_3245,3793,100.0,
f_3246,3793,100.0,
f_3247,3736,98.5,0.0917662935482248
f_3248,3732,98.39,0.09035306678851075
f_3249,3731,98.37,0.09035306678851075
f_3250,3793,100.0,
f_3251,3793,100.0,
f_3252,3793,100.0,
f_3253,3793,100.0,
f_3254,3793,100.0,
f_3255,3793,100.0,
f_3256,3793,100.0,
f_3257,3793,100.0,
f_3258,3793,100.0,
f_3259,3793,100.0,
f_3260,3793,100.0,
f_3261,3793,100.0,
f_3262,3793,100.0,
f_3263,3793,100.0,
f_3264,3793,100.0,
f_3265,3793,100.0,
f_3266,3370,88.85,0.191560477019805
f_3267,3793,100.0,
f_3268,3793,100.0,
f_3269,3793,100.0,
f_3270,3793,100.0,
f_3271,3793,100.0,
f_3272,3793,100.0,
f_3273,3793,100.0,
id,0,0.0,0.04977157021866547
label,793,20.91,1.0
